cue_id	mission	stage	speaker	direction	line	trigger
M01_S1_01_ICE	M01	1	ICE	Quiet baritone over tac-radio	Roost 4 confirmed. Two sentries on the upper deck. Target Mateo is in the stateroom sipping cognac. Moving into position.	Catwalk approach
M01_S1_02_GOHAN	M01	1	GOHAN	Submerged mic, focused	Secondary bilge hatch corroded. Clamping RF jammer onto the hull sensor... grid is blind. Going inside.	Bilge grate breach
M01_S1_03_GUESS	M01	1	GUESS	Muffled, tools clinking	Warehouse bay two is sweet. Biometric lock bypassed with physical tumblers. Pop... and we are in.	Warehouse lockpick
M01_S2_04_GOHAN	M01	2	GOHAN	Yelling over automatic gunfire	Alarm tripped! Stateroom safe is half-cloned! I got three shooters flanking the gangway!	Deck firefight
M01_S2_05_ICE	M01	2	ICE	Lowering scope in shock	Wait... that voice. Devin?! Gohan?! What the hell are you doing on that boat?!	Scope freeze
M01_S2_06_GUESS	M01	2	GUESS	Engine roaring through comms	Yo! Why am I hearing my high school graduation on my tactical radio?! Ice?! Gohan?!	Radio recognition
M01_S3_07_ICE	M01	3	ICE	Frustrated, zip-lining down crane	Mateo hit the slipway! He is on the armored launch! We blew the window!	Zip-line drop
M01_S3_08_GUESS	M01	3	GUESS	Tires screaming, passenger door kicked open	Get in! The entire port authority is rolling! Fifteen years and this is how we catch up?!	Gate smash extraction
M01_S3_09_GOHAN	M01	3	GOHAN	Panting, slamming drive on dash	Download aborted at forty-eight percent! The core recorded our biometrics-all three of us!	Freeway getaway
M02_S1_01_GOHAN	M02	1	GOHAN		Van is uploading at 5MB/s on Olympic Freeway. Less than three minutes before our faces hit federal wiretaps!	Freeway pursuit start
M02_S1_02_GUESS	M02	1	GUESS		Satellite dome spotted on top of the black Rumpo! Ice, get ready with that EMP harness!	Target visual
M02_S2_03_ICE	M02	2	ICE		Do not blow the engine block. We need that physical server intact or we never find out who hired Aegis.	Passenger aim
M02_S2_04_GOHAN	M02	2	GOHAN		EMP dart locked! Discharging pulse now!	Van drivetrain kills
M02_S2_05_ICE	M02	2	ICE	Kicking rear doors off hinges	Hands on your neck! Unplug that rack or I ventilate your chest!	Hard drive seizure
M02_S2_06_GUESS	M02	2	GUESS		Aegis chopper overhead! Dive down the storm canal ramp-hold on!	Aqueduct escape
M03_S1_01_GUESS	M03	1	GUESS		Junction switch tripped. Decoupling car four. Forty freight cars dead across Sinner Street. Police route sealed.	Train blockade
M03_S1_02_ICE	M03	1	ICE		Moving into Murrieta depot. Gohan, get to the gantry crane controls.	Depot gate breach
M03_S2_03_ICE	M03	2	ICE	Firing Combat MG in bursts	Catwalk left, two shooters with assault rifles-suppressing! Lower the hook, Gohan!	Firefight cover
M03_S2_04_GOHAN	M03	2	GOHAN		Magnetic clamps engaged! Weapons container is airborne! Guess, back the hauler under the rig!	Crane hoist
M03_S2_05_GUESS	M03	2	GUESS		Locked down! Floor it before these oil storage tanks turn into a Roman candle!	Hauler convoy return
M04_S1_01_GOHAN	M04	1	GOHAN		Thermal pulse active. Level B3 has six bodyguards flanking Miller. Transformer breaker located.	Thermal scouting
M04_S1_02_ICE	M04	1	ICE		Cut the power, Gohan. Once it goes pitch black, I take the ramp guards.	Breaker severed
M04_S2_03_GUESS	M04	2	GUESS		Miller just rammed the barricade and dove down the subway entrance! We riding the third rail!	Subway tunnel plunge
M04_S2_04_ICE	M04	2	ICE		Incoming passenger train on track two! Guess, dodge left- DODGE LEFT!	Subway train near-miss
M04_S2_05_ICE	M04	2	ICE		Miller spun out against the support pillar. Drive secured. Miller won't be talking to Aegis again.	Drive recovery
M05_S1_01_ICE	M05	1	ICE		High cliff perch established. Cave mouth illuminated by halogen work lamps. Guess, light the cove.	Cliff overwatch
M05_S1_02_GUESS	M05	1	GUESS		Magnesium flares away! Cove is lit up like midday! Gohan, punch through the surf!	Flares deployed
M05_S1_03_GOHAN	M05	1	GOHAN		Cavern breached! Ice, take out that diesel generator on the ledge!	Grotto entry
M05_S2_04_ENEMY	M05	2	MATEO	Bleeding against boat dashboard	Aegis bought city council... they needed a three-man ghost squad to justify a forty-million-dollar defense contract!	Beach revelation
M05_S2_05_GOHAN	M05	2	GOHAN		The whole damn state government is funding the private army hunting us.	Trio realization
M05_S2_06_ICE	M05	2	ICE		Then we don't run. We take this war to Blaine County and bleed them dry.	Act I climax
M06_S1_01_GOHAN	M06	1	GOHAN		Directly under the annex basement. Severing 480-volt feeder. Forty seconds to breach, Ice.	Power cut
M06_S1_02_ICE	M06	1	ICE		Breaching door two. Guess, keep the engine idling and lights blacked out.	Sally port breach
M06_S2_03_ICE	M06	2	ICE		SWAT tactical vans turning from Bay City Ave! Gohan, how long on that burn?!	Alley suppression
M06_S2_04_GOHAN	M06	2	GOHAN	Coughing through smoke	Thermite chewing through the silicon arrays! Core is slag! Ten seconds!	Thermite burn
M06_S2_05_GUESS	M06	2	GUESS		Reversing into the bay! Jump on the tailgate!	Reverse extraction
M07_S1_01_GOHAN	M07	1	GOHAN		Third ladder rung on the north spar, Ice. Clamp receiver to microwave dish.	Tower ascent
M07_S1_02_ICE	M07	1	ICE		Receiver clamped. Pulling manifests... Gohan, what are these engines?	Tap mounted
M07_S1_03_GOHAN	M07	1	GOHAN		Aegis is shipping two military turbine engines to Paleto. That's our target.	Manifest decrypt
M07_S2_04_ICE	M07	2	ICE		Drone minigun spinning up! Chute away! Guess, catch me on Del Perro!	BASE jump
M07_S2_05_GUESS	M07	2	GUESS		Drop zone clocked! Landing behind the spoiler-I won't stop!	Moving car catch
M08_S1_01_GUESS	M08	1	GUESS		Seven hundred horsepower, bulletproof casings, all-fuel intake. Nothing in San Andreas catches us.	Crate inspection
M08_S1_02_GOHAN	M08	1	GOHAN		Camera loop active for ninety seconds. Move on the roll-up door.	CCTV frozen
M08_S2_03_GUESS	M08	2	GUESS		Crate one seated! Ice, armored technical coming up the boat ramp!	Forklift loading
M08_S2_04_ICE	M08	2	ICE	Detonating grenade launcher	Technical neutralized! Lock down crate two and hit the throttle!	Technical blown
M08_S2_05_GUESS	M08	2	GUESS		Chained down! Hitting the Del Perro connector!	Hauler departure
M09_S1_01_ICE	M09	1	ICE		Three Insurgents north past Harmony. Middle vehicle has Vance. Rear vehicle is escort.	Aerial tracking
M09_S1_02_GUESS	M09	1	GUESS		Staying below ridge radar. They got anti-air missiles on chase truck. One clean shot, Ice.	Low rotor glide
M09_S2_03_ICE	M09	2	ICE	Suppressed crack	Driver down. Chase truck in culvert. Guess, put the skids on the roof!	Sniper kill
M09_S2_04_GUESS	M09	2	GUESS		Touchdown on the cab! Rip that transponder out before the lead convoy turns!	Skid touch
M09_S2_05_ICE	M09	2	ICE		Transponder secured. Code 7-Echo-Victor. We got military clearance tomorrow.	Transponder extracted
M10_S1_01_GUESS	M10	1	GUESS		Speed ninety-two! Drop under eighty and their chase SUVs box us and pop the slicks!	Speed floor warning
M10_S1_02_ICE	M10	1	ICE		Cartel dirt bikes on median! Two left, one right! Gohan, fry their electronics!	RPG suppression
M10_S1_03_GOHAN	M10	1	GOHAN		Directional EMP charged! Discharging left bank now!	Bikes disabled
M10_S2_04_ICE	M10	2	ICE		Buzzard gunship coming head-on! Tail rotor struck! She is spinning into the reservoir!	Buzzard destroyed
M10_S2_05_GUESS	M10	2	GUESS		Brace! I am PIT-ing their roadblock SUV into the bridge railing! HOLD ON!	Bridge PIT maneuver
M10_S2_06_GOHAN	M10	2	GOHAN		Clear! Tunnel mouth ahead! Engines delivered!	Safe delivery
M11_S1_01_GUESS	M11	1	GUESS	Wrench ratcheting, air compressor hum	Torque converter locked. Roll on dyno! Let's see if this military turbine tears our gearbox in half!	Dyno spin-up
M11_S1_02_ICE	M11	1	ICE	Hands on steering wheel, throttle revving	Manifold pressure passing 25 PSI! RPM at 6,200! Exhaust temps holding green!	Pressure check
M11_S1_03_GUESS	M11	1	GUESS	Leaning into driver window, grinning	Remember when we used to hotwire clunkers behind the Davis car wash? Now we tuning aerospace turbine engines in Burro Heights.	Banter on history
M11_S1_04_ICE	M11	1	ICE	Chuckling softly	Fifteen years ago you couldn't change an alternator without stripping the threads, Guess. You came a long way.	Old friends memory
M11_S1_05_GOHAN	M11	1	GOHAN	Walking into shop with rugged laptop	Enjoy the nostalgia while you can, boys. Aegis just docked three billion in cartel gold bullion into Berth 44. We are taking it.	Heist brief
M12_S1_01_GOHAN	M12	1	GOHAN		ROV passing under rudder. Acoustic ping confirms reinforced steel on hold 3. That's the vault.	Sonar sweep
M12_S1_02_ICE	M12	1	ICE		Patrol launch circling bow. Keep ROV below fifteen feet. Sonar sweep is scanning top water.	Pier watch
M12_S1_03_GOHAN	M12	1	GOHAN		Breach coordinates tagged. Hull thickness eight inches. We need acoustic plasma torches.	Tagging breach
M13_S1_01_ICE	M13	1	ICE		Charge three armed on barge hull. Guess, be ready on western canal slipway.	Limpet plant
M13_S1_02_GUESS	M13	1	GUESS		Idling in the Granger with lights off. Hit the clacker and get your ass over here!	Ramp idle
M13_S1_03_ICE	M13	1	ICE		Charges blown! Basin is an inferno! Patrol boats burning at moorings!	Barge explosion
M14_S1_01_GUESS	M14	1	GUESS		Radar pod bolted to wing pylon. Turbine firing up! Rolling down runway!	Runway taxi
M14_S1_02_ICE	M14	1	ICE		SAM launcher tracking! Stay under fifty feet, Guess-hug the gully!	SAM warning
M14_S1_03_GUESS	M14	1	GUESS		Cleared the pass! Pod jammer secured in McKenzie hangar.	Safe touchdown
M15_S1_01_GOHAN	M15	1	GOHAN		Splicing optical bypass. Harbor lock gates and radar feeds are under our thumb.	Fiber splice
M15_S1_02_ICE	M15	1	ICE		Two security watchmen down the stairwell. Tranquilizers deployed. Area clear.	Silent takedown
M15_S1_03_GOHAN	M15	1	GOHAN		Lock gate controls mapped to my laptop. We control port access.	System owned
M16_S1_01_ICE	M16	1	ICE		Helipad perimeter clear! Cargobob twin turbines spooled! Take the controls, Guess!	Helipad breach
M16_S1_02_GUESS	M16	1	GUESS		Airborne! Hugging Raton Canyon walls to dodge base radar!	Canyon evasion
M16_S1_03_ICE	M16	1	ICE		Base jets scrambing, but canyon terrain masks our heat signature. Heading for Terminal Island.	Zancudo escape
M17_S1_01_GOHAN	M17	1	GOHAN		Plasma-arc torches calibrated. Can slice through eight-inch naval bulkhead in four minutes.	Torch calibration
M17_S1_02_GUESS	M17	1	GUESS		Hydraulic ballast grapples tested. Fifty-ton magnetic lock verified.	Grapple test
M17_S1_03_ICE	M17	1	ICE		The sub is ready. Tomorrow night we hit Berth 44.	Mission prep complete
M18_S1_01_ICE	M18	1	ICE		Tonight we hit Berth 44, take thirty tons of their gold, and finish what started.	Countdown speech
M18_S1_02_GUESS	M18	1	GUESS		Cargobob fueled. Just cut that container loose and I will hoist it.	Hangar check
M18_S1_03_GOHAN	M18	1	GOHAN		Kraken sub submerged in position. Moving to Berth 44.	Sub dive
M19_S1_01_GOHAN	M19	1	GOHAN		Hull breached! Water flooding hold 3! Ballast floats clamped- she is rising!	Underwater breach
M19_S1_02_ICE	M19	1	ICE		Container surfacing! Guess, bring the Cargobob in now!	Surface radio
M19_S1_03_GOHAN	M19	1	GOHAN		Depth charges dropping! Surfacing to the boarding launch!	Sub surface
M20_S1_01_GUESS	M20	1	GUESS		Cable locked! Hoisting thirty tons of bullion! KEEP RPGS OFF MY ROTORS!	Heavy winch lift
M20_S1_02_ICE	M20	1	ICE		Aegis patrol launch on port side! Neutralized! Climb, Guess, climb!	Minigun barrage
M20_S1_03_GUESS	M20	1	GUESS		Full cyclic forward! We are airborne and clearing the cranes!	Climb out
M21_S1_01_GOHAN	M21	1	GOHAN		Deploying countermeasures! Missile locks diverted to my wake!	Flare deployment
M21_S1_02_ICE	M21	1	ICE		Stinger boat destroyed! Guess has clear air over the ridge!	Boat gunfight
M21_S1_03_GUESS	M21	1	GUESS		Ridge cleared! We are crossing into Blaine County!	Mountain crossing
M22_S1_01_GUESS	M22	1	GUESS	Turboprops cutting out, container splashing into mud	Container detached! Thirty tons of bullion sitting safe in four feet of Alamo water.	Alamo drop
M22_S1_02_ICE	M22	1	ICE	Looking south at black smoke column over mountains	Our Cypress Foundry is gone. Aegis just leveled the entire city block with precision cruise missiles.	Foundry smoking
M22_S1_03_GOHAN	M22	1	GOHAN	Staring at laptop screen, jaw clenched	Servers, tools, clothes... everything we set up in Los Santos is ash. They declared us military combatants.	Gohan grief
M22_S1_04_GUESS	M22	1	GUESS	Kicking sand, determined glare	They burned our city shop? Fine. They don't know who they dealing with out here in the dirt. Blaine County belongs to us now.	Guess fire
M22_S1_05_ICE	M22	1	ICE	Racking bolt of assault rifle	Load the trucks. We set up at the radar base. When we return to Los Santos, we come back as an army.	Ice command
M22_S1_06_GOHAN	M22	1	GOHAN		Act One is closed. Let's make these suits bleed.	Act I close
M23_S1_01_ICE	M23	1	ICE		Breaching upper radar dome. Four cartel riflemen on walkway.	Bunker breach
M23_S1_02_GUESS	M23	1	GUESS		Bunker doors secured! We got three underground bays for heavy rigs!	Base claim
M23_S1_03_GOHAN	M23	1	GOHAN		Generator room online. We have our command center in the desert.	Power restored
M24_S1_01_GUESS	M24	1	GUESS		Crane cable hooked! Five tons of gold surfacing out of the mud!	Crane dredge
M24_S1_02_ICE	M24	1	ICE		Sheriff cruisers coming over the ridge! They aren't taking this haul!	Ridge shootout
M24_S1_03_GOHAN	M24	1	GOHAN		Crates loaded! Cash reserves replenished for Blaine operations.	Gold secured
M25_S1_01_ICE	M25	1	ICE		Deputies blocked the southern pass. Detonating fuel tanker on bridge.	Sniper explosive
M25_S1_02_GUESS	M25	1	GUESS		I'm at the riverbed below! Jump to the sandbar, Ice!	River extraction
M25_S1_03_ICE	M25	1	ICE		Hit the throttle, Guess. Sheriff department won't chase down this gorge.	River escape
M26_S1_01_GUESS	M26	1	GUESS		Bandit on my six! Rolling inverted over Mount Chiliad!	Aerial dogfight
M26_S1_02_GOHAN	M26	1	GOHAN		Spotter one splashed! Spotter two is diving for Grapeseed-kill him!	Air kill radio
M26_S1_03_GUESS	M26	1	GUESS		Both spotters down in the lake! Our Alamo stash remains a ghost.	Dogfight win
M27_S1_01_GUESS	M27	1	GUESS	Shouting over roaring radial biplane engine and 160-knot gale	Airspeed one-six-five! I am right on his rudder! Ice, climb out on the top wing-JUMP!	Wing walk jump
M27_S1_02_ICE	M27	1	ICE	Breathing through oxygen mask	Holding mag-clamps! Hold her steady, Guess! Three feet lower... DROP ME!	Fuselage leap
M27_S2_03_ICE	M27	2	ICE	Plasma torch hissing, hull metal ripping	Hatch blown! Cabin decompressing! Two Aegis bodyguards floating down the aisle in zero-G-neutralized!	Zero-G gunfight
M27_S2_04_GOHAN	M27	2	GOHAN	Monitoring black box telemetry on ground	Ice! The pilot kicked the stick forward! The plane is in a terminal vertical dive toward the Pacific! Grab the ledger and GET OUT!	Dive warning
M27_S2_05_ICE	M27	2	ICE	Kicking emergency door out into open sky	Ledger secured! Skydiving out at four thousand feet! Gohan, prep the sea pickup!	BASE jump
M27_S2_06_GUESS	M27	2	GUESS	Diving plane alongside chute	Told you I'd put you on his roof! That's how we do it!	Aerial flyby
M28_S1_01_GOHAN	M28	1	GOHAN		Surge unit primed. In three seconds, Aegis radar goes dark across Blaine.	EMP surge
M28_S1_02_ICE	M28	1	ICE		Aegis patrol technical responding. I'm covering your descent.	Catwalk cover
M28_S1_03_GOHAN	M28	1	GOHAN		Dish offline. Aegis drones are completely blind in this sector.	Grid blinded
M29_S1_01_GUESS	M29	1	GUESS		Matched rail speed! Truck is on the flatbed! Ice, hit the junction!	Train jump
M29_S1_02_ICE	M29	1	ICE		Tankers decoupled! Switching track points now!	Track switch
M29_S1_03_GUESS	M29	1	GUESS		Fuel tankers safely routed to the bunker spur. We got power for months.	Fuel delivered
M30_S1_01_GUESS	M30	1	GUESS		Shale is sliding beneath the tires! Rocket impact left-HANG ON!	Ridge descent
M30_S1_02_GOHAN	M30	1	GOHAN		Tunnel entrance two hundred yards! Dive under the rock!	Tunnel refuge
M30_S1_03_GUESS	M30	1	GUESS		Chopper lost us in the tunnel! Parts delivered intact!	Offroad victory
M31_S1_01_ICE	M31	1	ICE		Claymores live on access gulley. Let them walk into the kill zone.	Minefield set
M31_S1_02_GOHAN	M31	1	GOHAN		CIWS tracking four incoming technicals. Engaging auto-fire!	Turret fire
M31_S1_03_ICE	M31	1	ICE		Ambush obliterated. The bunker perimeter is impenetrable.	Perimeter held
M32_S1_01_GOHAN	M32	1	GOHAN		Intake grates cut. Warhead storage is behind door four.	Sub-level dive
M32_S1_02_ICE	M32	1	ICE		Warheads secured in pelican cases. Guess, bring boat to estuary!	Zancudo escape
M32_S1_03_GUESS	M32	1	GUESS		Estuary pickup clean! We got military EMP warheads in our hands.	Base egress
M33_S1_01_ICE	M33	1	ICE		Firing smoke canisters! Blind their firing line!	Smoke ambush
M33_S1_02_GUESS	M33	1	GUESS		Ramos is in the trunk! Floor it before the gunships arrive!	Salt flat rally
M33_S1_03_GOHAN	M33	1	GOHAN		Ramos is safe. He gave us root access to the Paleto offshore rig.	Code acquired
M34_S1_01_GUESS	M34	1	GUESS	Wipers scraping red desert sand, twin turbochargers spooling	Visibility is twenty feet! The wind turbines are spinning like guillotines! Ice, snipers on tower four!	Sandstorm driving
M34_S1_02_ICE	M34	1	ICE	Heavy twin .50-cal hammering rhythmically	Turbine catwalk suppressed! Keep this half-track moving down the service gully, Guess!	Turret barrage
M34_S1_03_GOHAN	M34	1	GOHAN	Operating rear detonator console	Seismic charges primed on the canyon walls! Detonating trail in three... two... one!	Seismic prime
M34_S1_04_GOHAN	M34	1	GOHAN		Rockslide triggered! The entire rear ridgeline just buried six pursuing Insurgents!	Rockslide triggered
M34_S1_05_GUESS	M34	1	GUESS		Bunker tunnel mouth dead ahead! Half-track pulled inside! Defector is alive!	Safe arrival
M35_S1_01_ICE	M35	1	ICE		Lead truck hit the mine! Box them in the canyon!	Mountain trap
M35_S1_02_GUESS	M35	1	GUESS		Anti-aircraft technical captured! Driving it into the bunker!	Technical hijack
M35_S1_03_GOHAN	M35	1	GOHAN		Munitions secured. Heavy firepower ready for the rig.	Munitions stored
M36_S1_01_GOHAN	M36	1	GOHAN		Ballast columns are reinforced concrete. Seismic charges must go on column 2.	Rig mapping
M36_S1_02_ICE	M36	1	ICE		Depth charge dropped north! Evade, Gohan!	Underwater evasion
M36_S1_03_GOHAN	M36	1	GOHAN		Sonar map completed. All demolition points marked.	Recon complete
M37_S1_01_GUESS	M37	1	GUESS		Drop tanks welded. One pass will blanket the entire rig in whiteout.	Plane retrofit
M37_S1_02_ICE	M37	1	ICE		Hangar secured. Flying both birds back to Sandy Shores.	Biplane delivery
M37_S1_03_GOHAN	M37	1	GOHAN		Smoke deployment ready. Rig defenses won't see us coming.	Smoke ready
M38_S1_01_ICE	M38	1	ICE		Commercial charges in pit 3. Keep haulers rolling as cover.	Quarry shootout
M38_S1_02_GOHAN	M38	1	GOHAN		Charges loaded! Four hundred pounds of high-grade explosive!	Explosive secure
M38_S1_03_GUESS	M38	1	GUESS		Hauler clear of the quarry! Demolition charges locked down.	Quarry escape
M39_S1_01_GOHAN	M39	1	GOHAN		Thermite clamp ignited under thirty fathoms. Rig is cut off from mainland.	Cable severed
M39_S1_02_GUESS	M39	1	GUESS		Radar confirms rig's external communications flatlined. It's time.	Surface beacon
M39_S1_03_ICE	M39	1	ICE		Final countdown initiated. Moving all strike teams to the sea cave.	Sea cave muster
M40_S1_01_GUESS	M40	1	GUESS		Reinforced steel prows locked. These boats can ram straight through pontoons.	Boat armoring
M40_S1_02_ICE	M40	1	ICE		Mounted machine gun brackets fitted on both sterns.	Gun mounts fitted
M40_S1_03_GOHAN	M40	1	GOHAN		Boats are bulletproof and water-tested. Strike fleet is complete.	Fleet ready
M41_S1_01_ICE	M41	1	ICE		General Bradley neutralized. Recovered his biometric security card.	Silenced hit
M41_S1_02_GOHAN	M41	1	GOHAN		Card grants root access to rig vault. Get off the mountain.	Lodge escape
M41_S1_03_GUESS	M41	1	GUESS		Snowmobile pickup waiting at the trail head. We are clear.	Snowmobile egress
M42_S1_01_GUESS	M42	1	GUESS		Cargo ramp open! Sub is airborne! Parachutes deployed!	Aerial airdrop
M42_S1_02_GOHAN	M42	1	GOHAN		Splashdown confirmed! Ballast tanks flooding-diving for the rig.	Ocean splashdown
M42_S1_03_ICE	M42	1	ICE		Gohan is in the water. Moving into flight position with the chopper.	Chopper ready
M43_S1_01_ICE	M43	1	ICE		Tonight we break their fortress and take our five hundred million.	Final muster
M43_S1_02_GUESS	M43	1	GUESS		Annihilator ready. When that rig burns, I'll be over the derrick.	Chopper spool
M43_S1_03_GOHAN	M43	1	GOHAN		Submersible holding at forty fathoms. Awaiting green light.	Sub ready
M44_S1_01_GOHAN	M44	1	GOHAN		Charges clamped on pylon two! Torpedo tubes disabled! Clear for air assault!	Pylon charges
M44_S1_02_ICE	M44	1	ICE		Copy that, Gohan. Guess and I are inbound on the chopper!	Inbound air
M44_S1_03_GUESS	M44	1	GUESS		Sixty-knot typhoon winds over the helipad! Coming in hot!	Helipad approach
M45_S1_01_ICE	M45	1	ICE		Touchdown on helipad! RPG bunker neutralized! Breaching elevator!	Helipad storm
M45_S1_02_GUESS	M45	1	GUESS		Holding hover above the crane! Watch the sniper catwalks!	Air cover
M45_S1_03_GOHAN	M45	1	GOHAN		Surfaced at lower moonpool! Moving to meet you on the command deck!	Moonpool breach
M46_S1_01_GOHAN	M46	1	GOHAN		Vault open! Half a billion in bearer bonds and all their bribery ledgers!	Vault plunder
M46_S1_02_ICE	M46	1	ICE		Pack the bags! Gohan, set the seismic detonator timer!	Timer armed
M46_S1_03_GUESS	M46	1	GUESS		Derrick structure is failing! Get to the edge for the jump!	Jump alert
M47_S1_01_GOHAN	M47	1	GOHAN		Pylons snapping! Superstructure going under! JUMP!	Rig collapse
M47_S1_02_ICE	M47	1	ICE		Chutes away! Hit the water and swim for the gunboats!	Ocean jump
M47_S1_03_GUESS	M47	1	GUESS		Picked up Ice and Gohan! Speedboats throttling up!	Boats mounted
M48_S1_01_GUESS	M48	1	GUESS		We got their money, we got their ledgers, and their rig is sunk! HEAD SOUTH!	Highway breach
M48_S1_02_ICE	M48	1	ICE		Los Santos is right ahead. Time to end this war where it started.	Act II finale
M48_S1_03_GOHAN	M48	1	GOHAN		Title card: Act III: Scorched Earth. We are going home.	Act II close
M49_S1_01_GUESS	M49	1	GUESS	Tires screaming on wet asphalt, engine roaring	Chumash roadblock in sight! Concrete barriers and two armored APCs! Hold your breath, I'm hitting the seam!	Roadblock approach
M49_S1_02_ICE	M49	1	ICE	Leaning out window with heavy thermal sniper	Spotlight towers one and two neutralized! Seam is clear, Guess-HIT IT!	Tower explosion
M49_S1_03_GOHAN	M49	1	GOHAN	Laptop typing rapidly	Local cell towers jammed! Police dispatch won't know the checkpoint fell for ninety seconds!	County line breach
M50_S1_01_GOHAN	M50	1	GOHAN	Whispering through comms	Optical splice online. Vault sub-level has six automated turrets and four guards. Ice, take the left corridor.	Archive infiltration
M50_S1_02_ICE	M50	1	ICE	Suppressed pistol double-tap	Corridor secured. Plant the wipe sequence, Gohan. We have three minutes before physical backup arrives.	Sentries silenced
M50_S1_03_GOHAN	M50	1	GOHAN		State warrants deleted! As far as municipal dispatch is concerned, we don't exist.	Warrant purge
M51_S1_01_ICE	M51	1	ICE		Limpet three seated on transformer bank north. Guess, watch that patrol crane!	Transformer climb
M51_S1_02_GUESS	M51	1	GUESS		Crane guard dropped with the silenced carbine. Last charge is armed! Move to the riverbed!	Charge plant
M51_S1_03_GOHAN	M51	1	GOHAN		Detonating in three... two... one... blackout.	Downtown skyline goes dark
M52_S1_01_ICE	M52	1	ICE	Controlled slow breathing	Harrison is stepping past the courthouse pillars. Wind speed 4 knots west. Lining up crosshairs.	Sniper zoom
M52_S1_02_ICE	M52	1	ICE	Suppressed crack	Target eliminated. Escort detail in disarray! Guess, pull up to the east stairs!	Target killed
M52_S1_03_GUESS	M52	1	GUESS	Motorcycle sliding onto marble steps	Hop on! We got three Aegis cruisers closing from Olympic!	Superbike escape
M53_S1_01_GOHAN	M53	1	GOHAN		Night vision active. Sweep team of eight advancing down track two. They have thermal scopes.	Night vision on
M53_S1_02_ICE	M53	1	ICE		Tripwires set at car three. Let them stack up at the doors... NOW!	Mine detonation
M53_S1_03_ICE	M53	1	ICE		Sweep team wiped. Subway corridor is secure. Transit network is ours.	Tunnel cleared
M54_S1_01_GUESS	M54	1	GUESS		Express elevator keycard cloned. We got direct access from the parking garage straight to floor forty.	Elevator hack
M54_S1_02_ICE	M54	1	ICE		Balcony gives uninterrupted line-of-sight on Maze Bank Tower and City Hall. This is our forward combat post.	Perch overview
M54_S1_03_GOHAN	M54	1	GOHAN		Satellite dish live. We have full radar coverage of every Aegis patrol in the city.	Radar array active
M55_S1_01_ICE	M55	1	ICE		Breaching penthouse one! Suppressing four executive guards!	Breach 1
M55_S1_02_GOHAN	M55	1	GOHAN		Terminal bypassed at Arcadius! Transferring sixty million!	Breach 2
M55_S1_03_GUESS	M55	1	GUESS		Vault cracked at Schlongberg! Downloading secondary ledger! 40 seconds left!	Breach 3
M55_S1_04_ICE	M55	1	ICE		All three nodes compromised! Parachute off the roofs to the canal!	Simultaneous BASE-jump
M56_S1_01_GUESS	M56	1	GUESS		Two armored APCs coming north under the 4th Street bridge! Ramming speed!	Aqueduct collision
M56_S1_02_ICE	M56	1	ICE		Pounding the lead APC engine block! Target detonated! Watch the overpass gunners!	Turret fire
M56_S1_03_GOHAN	M56	1	GOHAN		Chopper down! Flood channel is clear from Olympic to the harbor!	Channel cleared
M57_S1_01_GUESS	M57	1	GUESS		Jumping the surf break! Lock your Stinger on that lead Maverick!	Wave ramp jump
M57_S1_02_ICE	M57	1	ICE		Missile away! Direct hit on tail rotor! Bird is in the water!	Heli splashdown
M57_S1_03_GUESS	M57	1	GUESS		Beachfront clear! Heading for the Marina storm gates!	Pier escape
M58_S1_01_ICE	M58	1	ICE		Perimeter breached! Heavy fire on the main villa!	Cul-de-sac breach
M58_S1_02_GOHAN	M58	1	GOHAN		Tear gas dispersed into HVAC! Cartel capos fleeing through rear patio!	Gas deployment
M58_S1_03_GUESS	M58	1	GUESS		Cartel council eliminated! The Cifuentes syndicate is dead in Los Santos!	Compound cleared
M59_S1_01_GOHAN	M59	1	GOHAN		Overriding state relay! Broadcasting the offshore ledgers on all public frequencies!	Broadcast override
M59_S1_02_ICE	M59	1	ICE		Aegis helicopter attempting to deploy shooters on the 'W'! Sniper round away-pilot down!	Sign shootout
M59_S1_03_GOHAN	M59	1	GOHAN		Broadcast is locked on continuous loop. The whole world knows what Aegis did.	Media leak live
M60_S1_01_ICE	M60	1	ICE	Deep, protective fury	They came to our neighborhood. They think they can burn Davis? Not while we breathe.	Street defense start
M60_S1_02_GUESS	M60	1	GUESS		Roadblock set with burning muscle cars on Brouge Avenue! Bring them into the pocket! We played football right on this corner!	Brouge ambush
M60_S1_03_GOHAN	M60	1	GOHAN		Setting remote EMP charges under the streetlamps! When their APCs roll in, we cut their engines dead!	EMP grid set
M60_S1_04_ICE	M60	1	ICE	LMG firing from church roof	Aegis heavy infantry breaking left! Families homies covering the alley! Hold the line!	Rooftop defense
M60_S1_05_GOHAN	M60	1	GOHAN		Detonating underground gas main! Lead APC destroyed! They are retreating back to the freeway!	Gas explosion
M60_S1_06_GUESS	M60	1	GUESS		Davis stands! Nobody burns our home block!	Victory shout
M61_S1_01_GOHAN	M61	1	GOHAN		Inside flooded bridge. Cutting server chassis with acoustic torch.	Flooded bridge dive
M61_S1_02_ICE	M61	1	ICE		Aegis divers inbound on underwater scooters! Dropping depth grenades!	Underwater defense
M61_S1_03_GOHAN	M61	1	GOHAN		Command server extracted! We have the exact access codes for Maze Bank Tower!	Server secured
M62_S1_01_ICE	M62	1	ICE		On top of train car three! Flatbed has automated twin miniguns- taking them out with EMP grenades!	Train rooftop combat
M62_S1_02_GOHAN	M62	1	GOHAN		Speedboat holding parallel sixty yards out! Jamming missile relay drones!	Coastal boat match
M62_S1_03_GUESS	M62	1	GUESS		Dropping chopper sling directly between tunnel arches! Hook the cargo container, Ice!	Aerial hook in tunnel
M63_S1_01_GUESS	M63	1	GUESS		Lobby barricade breached! Technical parked right at the security elevators!	Glass lobby breach
M63_S1_02_ICE	M63	1	ICE		Contractor heavy gunner on mezzanine! Neutralized with grenade launcher!	Lobby shootout
M63_S1_03_GOHAN	M63	1	GOHAN		Security core bypassed! Main freight elevator unlocked for the ascent!	Elevator override
M64_S1_01_ICE	M64	1	ICE		Elevator cable severed above! Car falling down shaft-JUMP TO THE LANDING!	Falling car dodge
M64_S1_02_GOHAN	M64	1	GOHAN		Floors 70 to 80 cleared! Only executive security left on the penthouse level!	Stairwell push
M64_S1_03_GUESS	M64	1	GUESS		Door blown open! We are on the executive floor!	Executive breach
M65_S1_01_ENEMY	M65	1	VANCE		You boys think you won? You're street thugs from Davis! You can't beat the system!	Boardroom standoff
M65_S1_02_ICE	M65	1	ICE		The system didn't grow up on our streets, Vance. It's over.	Vance executed
M65_S1_03_GOHAN	M65	1	GOHAN		Biometrics confirmed! Overriding the state escrow! All Aegis assets liquidated!	Financial collapse
M66_S1_01_GUESS	M66	1	GUESS		Choppers circling the spire! Only way off this tower is into the sky! JUMP!	Spire jump
M66_S1_02_ICE	M66	1	ICE		Pulling chute at eight hundred feet! Gliding between the Arcadius towers!	Canyon parachute
M66_S1_03_GOHAN	M66	1	GOHAN		Touchdown on the Del Perro connector! Extraction semi-truck is waiting!	Highway landing
M67_S1_01_GOHAN	M67	1	GOHAN		Funds routed through forty offshore relays. Money is completely clean and untraceable.	Fund transfer
M67_S1_02_GUESS	M67	1	GUESS		Five hundred million dollars... we actually did it.	Truck cab relief
M67_S1_03_ICE	M67	1	ICE		Not yet. Aegis launched their final surviving battalion to intercept us at the airport.	Airport alert
M68_S1_01_GUESS	M68	1	GUESS		Eighteen wheels of steel rolling through the flood channel! Speed is eighty!	Convoy start
M68_S1_02_ICE	M68	1	ICE		Aegis armored buggies dropping in from bridge ramps! Turret engaged!	Turret combat
M68_S1_03_GOHAN	M68	1	GOHAN		Deploying magnetic trail mines! Bridge support blown-roadblock crushed!	Channel breakout
M69_S1_01_GUESS	M69	1	GUESS		Runway 30L! Commercial 747 touching down right in front of us! SWERVING!	Jetliner dodge
M69_S1_02_ICE	M69	1	ICE		Aegis barricade at the taxiway! Guess, ram the fuel bowser into their line!	Barricade smash
M69_S1_03_GOHAN	M69	1	GOHAN		C-130 cargo ramp is open! Drive the rig straight up into the cargo hold!	Ramp boarding
M70_S1_01_ICE	M70	1	ICE	Roaring over minigun fire, brass raining down tarmac	Fifteen years we walked our own roads, but tonight we hold this ground TOGETHER!	Final siege holdout
M70_S1_02_GOHAN	M70	1	GOHAN	Firing combat rifle, laughing wildly through smoke	Wave three inbound! They can't break us, Ice! They couldn't break us in college, they can't break us now!	Wave three repelled
M70_S1_03_GUESS	M70	1	GUESS	Throttle quad-levers jammed forward	All four turboprops redlining! We ain't dying on this runway! SEAWALL RAMP IN THREE SECONDS!	Seawall taxi
M70_S1_04_ICE	M70	1	ICE		HOLD ONTO SOMETHING! HIT THE WATER!	Plane launches off seawall
M70_S1_05_GOHAN	M70	1	GOHAN	Floating in the ocean launch under golden sunrise	We survived it. All three of us.	Sunrise aftermath
M70_S1_06_GUESS	M70	1	GUESS	Smiling, looking back at the smoking city horizon	Told y'all... Guess never misses an exit.	Brothers laugh
M70_S1_07_ICE	M70	1	ICE	Looking at his brothers, loading fresh magazine, smiling	Let's go home.' Final cut to black: CAMPAIGN COMPLETE TRACK 2: EXACT RAGE WORLD COORDINATE INDEX (PROLOGUE SETPIECES) SCENE ANCHOR LOCATION / WORLD SPACE ENTITY TYPE X, Y, Z VECTOR HEADING Ice: Roost 4 Terminal Island Container Crane #4 Catwalk Ped (Player) Vector3(978.25f, -2988.42f, 42.15f) 180.5f Gohan: Bilge Hatch The Mariana Superyacht Sub-Level Bilge Ped (Allied) Vector3(962.11f, -3035.80f, -0.45f) 270.0f Guess: Bay 2 Dry-dock Warehouse Bay 2 Floor Vehicle (T20) Vector3(1015.60f, -3002.15f, 5.90f) 90.0f Mateo: Escape Boat Terminal Island Outer Slipway Berth Vehicle (Tropic) Vector3(920.45f, -3085.12f, 0.20f) 225.0f Raton Ambush Raton Canyon Railway Suspension Bridge Ped / Vehicle Vector3(-785.30f, 4420.10f, 155.80f) 315.0f Alamo Drop Zone Alamo Sea Northern Shallows Prop / Container Vector3(715.40f, 4180.90f, 30.50f) 0.0f TRACK 3: ELEVENLABS AUTOMATED BATCH VOICE SYNTHESIS SCRIPT Below is the Python automation script to batch-generate all voice cues directly from this scripture via the ElevenLabs API into 44.1kHz 16-bit Mono WAV format: import os import requests ELEVENLABS_API_KEY = "YOUR_API_KEY" OUTPUT_DIR = "scripts/Bloodlines/audio/" os.makedirs(OUTPUT_DIR, exist_ok=True) VOICE_PROFILES = { "ICE": {"voice_id": "EXAVITQu4vr4xnSDxMaL", "stability": 0.65, "similarity_boost": 0.85}, "GOHAN": {"voice_id": "ErXwobaYiN019PkySvjV", "stability": 0.50, "similarity_boost": 0.80}, "GUESS": {"voice_id": "VR6AewLTigWG4xSOukaG", "stability": 0.45, "similarity_boost": 0.75} } def generate_voice_line(cue_id, speaker, text): profile = VOICE_PROFILES.get(speaker.upper(), VOICE_PROFILES["ICE"]) url = f"https://api.elevenlabs.io/v1/text-to-speech/{profile['voice_id']}" headers = {"xi-api-key": ELEVENLABS_API_KEY, "Content-Type": "application/json"} payload = { "text": text, "model_id": "eleven_monolingual_v1", "voice_settings": {"stability": profile["stability"], "similarity_boost": profile["similarity_boost"]} } response = requests.post(url, json=payload, headers=headers) if response.status_code == 200: with open(os.path.join(OUTPUT_DIR, f"{cue_id}.wav"), "wb") as f: f.write(response.content) print(f"Generated: {cue_id}.wav") TRACK 4: QA, IN-ENGINE DEBUGGING & KEYBIND HARNESS F9: Reloads all Script Hook V .NET assemblies without restarting GTA V. Numpad 1 / 2 / 3: Forces an immediate sky-cam swap to Ice, Gohan, or Guess. Page Up / Page Down: Warps forward/backward through mission stage indices. Caps Lock: Triggers the active protagonist's special ability (*Overwatch Focus*, *Thermal Pulse*, *Slipstream Reflex*).	Insert: Forces a checkpoint commit; Delete: Restores player to the latest checkpoint snapshot.
SM01_S1_01_ICE	SM01	1	ICE	Low, dangerous growl	Sergei thought he could pocket twenty grand and hand me surplus civilian brass. Time to remind him who taught him logistics.	Approaching warehouse gate
SM01_S1_02_ICE	SM01	1	ICE	Kicking side door open, racking heavy shotgun	Two sentries at the forklift. Dead before they drop their coffee.	Breaching side entrance
SM01_S2_03_ENEMY	SM01	2	SERGEI		Vance! Put the gun down! We can work something out, brother!	Sergei cornered in office
SM01_S2_04_ICE	SM01	2	ICE		We aren't brothers, Sergei. And your credit just expired.	Shotgun execution
SM01_S2_05_ICE	SM01	2	ICE		Crates loaded in the trunk. Armor-piercing tungsten-core 7.62. Gohan and Guess have what they need.	Securing ammunition
SM02_S1_01_GOHAN	SM02	1	GOHAN	Whispering through comm headset	Lifeinvader auxiliary annex. Security is all outsourced rent-a-cops and automated laser sweeps.	Rooftop infiltration
SM02_S1_02_GOHAN	SM02	1	GOHAN		Thermal pulse active. Two guards behind the server bay door. Stun gun primed... discharging.	Silent taser takedown
SM02_S2_03_GOHAN	SM02	2	GOHAN	Keystrokes clicking rapidly	Root terminal cracked. Splicing zero-day worm into the core routing table. City surveillance is blind to our license plates.	Terminal exploit
SM02_S2_04_GOHAN	SM02	2	GOHAN		Slip down the fire escape before internal IT notices the packet spike. Clean and invisible.	Rooftop descent
SM03_S1_01_GUESS	SM03	1	GUESS	Twin-turbo revving at 7,000 RPM, two-step popping	Marabunta thinks their tuned Elegy has the top end. They don't know who is behind this wheel.	Starting line rev
SM03_S1_02_GUESS	SM03	1	GUESS	Slipstream Reflex activated, slow-mo engine roar	Feathering the clutch... clipping the barrier by two inches... slide initiated!	Hairpin drift
SM03_S2_03_ENEMY	SM03	2	RIVAL RACER		He's passing on the inside! Shoot his damn tires out!	Rival driver shooting
SM03_S2_04_GUESS	SM03	2	GUESS	Laughing wildly, ducking below dashboard	Bumping me in the chicane?! Eat this concrete pillar!	PIT maneuver into pillar
SM03_S2_05_GUESS	SM03	2	GUESS		Checkered flag! Title is in my pocket and the racing transmission is loaded on the truck.	Crossing finish line
SM04_S1_01_ICE	SM04	1	ICE	Wind howling through scope, breathing slow	Two Aegis marksmen on the eastern quarry tower. Range: seven hundred yards. Wind: 6 knots east.	Setting bipod
SM04_S1_02_ICE	SM04	1	ICE	Suppressed crack	Spotter down. Sniper scrambling for the rocks... leading the target... fired.	Long-range kill
SM04_S2_03_ICE	SM04	2	ICE		Both shooters neutralized. Ripping their encrypted radio transceivers. Now we hear every Aegis squad moving in Blaine.	Looting sniper nest
SM05_S1_01_GOHAN	SM05	1	GOHAN	Reeds rustling, water rippling	Swamplands are pitch black. Patrol chopper spotlight passing two hundred yards north.	Kayak stealth
SM05_S1_02_GOHAN	SM05	1	GOHAN	Diving underwater, rebreather hiss	Acoustic buoy submerged harness located. Splicing hardware interceptor into sensor array.	Underwater splice
SM05_S2_03_GOHAN	SM05	2	GOHAN		Signal locked. Every military flight plan leaving Zancudo now displays on our radar. Paddling back to the pickup.	Mission complete
SM06_S1_01_GUESS	SM06	1	GUESS	V8 diesel roaring, chassis shuddering	Tanker full of high-octane aviation fuel. One stray bullet in the rear tank and I am a fireball in the canyon.	Canyon drive start
SM06_S1_02_GUESS	SM06	1	GUESS		Cartel dirt bikes dropping down the ridge! Trying to shoot the fuel cap!	Bikes flanking
SM06_S2_03_GUESS	SM06	2	GUESS	Flooring pedal, swerving into lead bike	Not today, boys! Take the scenic dive into the river below!	Clipping hostile bike
SM06_S2_04_GUESS	SM06	2	GUESS		Slid into McKenzie airfield on two wheels! Tanker intact. The biplanes are fueled for the rig strike.	Arriving at hangar
SM07_S1_01_ICE	SM07	1	ICE	Cold, venomous tone	Fifteen years ago Sterling got my whole squad ambushed in Kandahar for a five-hundred-thousand-dollar kickback. Tonight I settle the ledger.	Elevator ascent
SM07_S1_02_ICE	SM07	1	ICE	Breaching suite doors with suppressed assault rifle	Four executive bodyguards in the foyer-neutralized.	Suite shootout
SM07_S2_03_ENEMY	SM07	2	STERLING	Cowering behind marble desk	Vance! You're a ghost! That was fifteen years ago in the desert!	Sterling cornered
SM07_S2_04_ICE	SM07	2	ICE		I didn't forget a single name on those dog tags, Sterling. Look at me.	Execution moment
SM07_S2_05_ICE	SM07	2	ICE	Walking out into rain	Debt settled. The past is buried. Now we finish Aegis in Los Santos.	Hotel exit
SM08_S1_01_GOHAN	SM08	1	GOHAN	Looking up at glass tower	Vanderbilt & Cole. The suits who doctored the ledgers and handed my name to the feds fifteen years ago. Payback time.	Office infiltration
SM08_S1_02_GOHAN	SM08	1	GOHAN		Bypassing their biometric vault lock. Downloading sixty gigabytes of blackmail files.	Vault download
SM08_S2_03_GOHAN	SM08	2	GOHAN		Chemical thermite strips armed along every filing cabinet. In sixty seconds, their entire corrupt history is ash.	Igniting vault
SM08_S2_04_GOHAN	SM08	2	GOHAN	Watching flames reflect in glass window	My record is clean. My name is cleared. Now let's go help Ice and Guess take Maze Bank.	Elevator escape
SM09_S1_01_GUESS	SM09	1	GUESS		The foreign captain wants this hypercar on his cargo deck before dawn, or the escape passports don't get stamped. Guess never fails a delivery.	Hotwiring hypercar
SM09_S1_02_GUESS	SM09	1	GUESS	Sirens wailing, five-star police pursuit	LSPD SWAT cruisers setting up spiked roadblocks on the bridge! Slipstream Reflex engaged!	Highway drift
SM09_S2_03_GUESS	SM09	2	GUESS	Launching car off construction ramp over police cruiser	Flying over the blockade! Eat my exhaust!	Ramp jump
SM09_S2_04_GUESS	SM09	2	GUESS		Car driven straight into the shipping container! Container door locked! Passports and sea passage secured for the whole crew!	Mission passed
