cue_id	mission	phase	speaker	direction	line
M01_SCENE_PROLOGUE_01_GUESS	M01	prologue	GUESS	Alone at the terminal curb; phone, walk to the car, get in	Los Santos. Same heat coming off the runway. Fifteen years and the city didn't wait for me.
M01_SCENE_PROLOGUE_02_GUESS	M01	prologue	GUESS	Alone at the terminal curb; phone, walk to the car, get in	Two numbers in this phone I ain't dialed since graduation. Guess I'll find out if either one still works.
M01_SCENE_PROLOGUE_03_GUESS	M01	prologue	GUESS	Alone at the terminal curb; phone, walk to the car, get in	Voicemail. Both of them. Same as it ever was.
M01_SCENE_PROLOGUE_04_GUESS	M01	prologue	GUESS	Alone at the terminal curb; phone, walk to the car, get in	Car's where the man said it would be. Half a tank. That'll get me across town.
M01_SCENE_ARRIVAL_01_GUESS	M01	arrival	GUESS	Alone at the apartment door; out of the car, walk to the door	Home. Or the closest thing I've got to one until I'm working again.
M01_SCENE_CALL_01_GUESS	M01	call	GUESS	Alone in the starter apartment; the message arrives (at the door if the room does not load)	Unknown number. A yard on Terminal Island, one car, half the money up front. No names.
M01_SCENE_CALL_02_GUESS	M01	call	GUESS	Alone in the starter apartment; the message arrives (at the door if the room does not load)	Somebody knew I was back before I did. I'm going anyway.
M01_SCENE_CALL_03_GUESS	M01	call	GUESS	Alone in the starter apartment; the message arrives (at the door if the room does not load)	Bag stays packed. Keys. Whatever this is, I'm not unpacking for it.
M01_SCENE_INTRO_01_GUESS	M01	intro	GUESS	Private channel; no recognition or shared conversation	Terminal Island. Two in the morning. They sent me a gate code, a photograph and half the money. That's usually the part where I should ask more questions.
M01_SCENE_INTRO_02_GUESS	M01	intro	GUESS	Private channel; no recognition or shared conversation	I'm outside the freight entrance in my own car. One pickup inside the yard. Keep it quiet, get paid, go home.
M01_SCENE_INTRO_03_GOHAN	M01	intro	GOHAN	Private channel; no recognition or shared conversation	Different client, same dockyard. The laptop at the west service station holds Mateo's payment ledger. It's separate from his meeting point. I'm at the service entrance; I need to reach it before the security shift.
M01_SCENE_INTRO_04_ICE	M01	intro	ICE	Private channel; no recognition or shared conversation	Mateo Cifuentes. The contract says identify him, keep him alive and trace the shipment. From here I can watch the yard without crossing it.
M01_SCENE_INTRO_05_GUESS	M01	intro	GUESS	Private channel; no recognition or shared conversation	There it is. Bay two, the four-door prototype. My car stays here when I take that one. Whoever owns it won't be pleased.
M01_SCENE_INTRO_06_GOHAN	M01	intro	GOHAN	Private channel; no recognition or shared conversation	I used to audit books like these. The numbers tell you who got paid. Missing entries tell you who somebody wants forgotten.
M01_SCENE_INTRO_07_ICE	M01	intro	ICE	Private channel; no recognition or shared conversation	Mateo's checking shipping records with a dock technician. I don't know who's moving through the yard below. I keep the scope on him until I'm certain.
M01_SCENE_INTRO_08_GUESS	M01	intro	GUESS	Private channel; no recognition or shared conversation	No names on the job, no backup promised. All right. Easy through the gate. Let's find out what they paid for.
M01_SCENE_RECOGNITION_01_GOHAN	M01	recognition	GOHAN	Face-to-face reunion; anger interrupted by danger	Copy finished. The alarm opened their dock security channel. Can anyone hear me? Shooters coming into the yard!
M01_SCENE_RECOGNITION_02_ICE	M01	recognition	ICE	Face-to-face reunion; anger interrupted by danger	Wait. That voice... Devin? Gohan? Stay in cover. I'm watching the yard.
M01_SCENE_RECOGNITION_03_GUESS	M01	recognition	GUESS	Face-to-face reunion; anger interrupted by danger	Why am I hearing my high school graduation on a tactical radio? Ice? Both of you?
M01_SCENE_RECOGNITION_04_GOHAN	M01	recognition	GOHAN	Face-to-face reunion; anger interrupted by danger	Darius. Ron. I thought you were both out of this city.
M01_SCENE_RECOGNITION_05_GUESS	M01	recognition	GUESS	Face-to-face reunion; anger interrupted by danger	I came back. Tried your old numbers. Figured scholarships bought you two somewhere you didn't need to call from.
M01_SCENE_RECOGNITION_06_ICE	M01	recognition	ICE	Face-to-face reunion; anger interrupted by danger	Mine bought me a way out. Didn't teach me how to come home. We can't do this here.
M01_SCENE_RECOGNITION_07_GOHAN	M01	recognition	GOHAN	Face-to-face reunion; anger interrupted by danger	You said you were leaving after graduation. You didn't say we'd have to spend fifteen years guessing if you were alive.
M01_SCENE_RECOGNITION_08_GUESS	M01	recognition	GUESS	Face-to-face reunion; anger interrupted by danger	We can be angry in a moving car. There's room for three. Tell me you remember how to get in one.
M01_SCENE_RECOGNITION_09_ICE	M01	recognition	ICE	Face-to-face reunion; anger interrupted by danger	Mateo's running for the slipway. Let him lead us to the buyers. Cover each other and get to Guess's car.
M01_SCENE_OUTRO_01_GOHAN	M01	outro	GOHAN	Reflective; allow the response to land	The dock cameras tagged all three of us. An Aegis van is carrying the upload. We have to catch it.
M01_SCENE_OUTRO_02_GUESS	M01	outro	GUESS	Reflective; allow the response to land	Fifteen years without a call. Now we're sharing a wanted poster. Nobody disappears before we talk.
M01_SCENE_ESCAPE_01_MATEO	M01	escape	MATEO	Staged action	Fifteen years apart and the three of you still show up to the same dock. Tell whoever sent you the ledger's already gone.
M01_SCENE_ESCAPE_02_ICE	M01	escape	ICE	Staged action	He's on the water. Let him go. The copy tells us where he lands.
M02_SCENE_INTRO_01_GOHAN	M02	intro	GOHAN	Briefing; intent before tactics	The van has the dock recording. I can hack it from the passenger seat. Keep me close enough to punch into their signal while I cut the upload.
M02_SCENE_INTRO_02_ICE	M02	intro	ICE	Briefing; intent before tactics	Guess drives, Gohan works the connection. If they spot us, I cover the car. Once the van stops, I take the physical drives.
M02_SCENE_OUTRO_01_GUESS	M02	outro	GUESS	Reflective; allow the response to land	You still give orders like the bell's about to ring. I can find us a shop in Cypress, if you can ask.
M02_SCENE_OUTRO_02_ICE	M02	outro	ICE	Reflective; allow the response to land	Can you get us somewhere safe, Guess? And Gohan... keep that drive. I want to hear what it says.
M02_SCENE_STASH_01_GUESS	M02	stash	GUESS	At the curb; the prototype stays, the crew boards the Granger	Three million dollars of somebody's prototype, and it's the most recognizable car in the city. It stays here. The Granger's clean.
M02_SCENE_STASH_02_GOHAN	M02	stash	GOHAN	At the curb; the prototype stays, the crew boards the Granger	Their van is already moving. Every minute it drives, that upload gets closer to landing. I need the back seat and a clear signal.
M02_SCENE_STASH_03_ICE	M02	stash	ICE	At the curb; the prototype stays, the crew boards the Granger	Then drive, Guess. Gohan works the connection; I keep them off the car. Nobody stops until that van does.
M03_SCENE_INTRO_01_GUESS	M03	intro	GUESS	Briefing; intent before tactics	Cypress Foundry has space, but no armor or equipment. That depot gives us a place we can actually defend.
M03_SCENE_INTRO_02_GOHAN	M03	intro	GOHAN	Briefing; intent before tactics	Guess delays the rail response. Ice clears the depot; I load its weapons. Then Guess brings the Benson home. Shared base, shared information.
M03_SCENE_OUTRO_01_ICE	M03	outro	ICE	Reflective; allow the response to land	Miller's selling the dock forensics. We go after him next. Everybody gets the file before we move.
M03_SCENE_OUTRO_02_GUESS	M03	outro	GUESS	Reflective; allow the response to land	Three keys to the shop. Keep yours this time. I got tired of being the only one checking the door.
M03_SCENE_SPLIT_01_ICE	M03	split	ICE	At the base; the depot team boards the van and pulls away	Gohan and I take the van to the depot and wait on your call. Nobody moves on that yard until the rail is dead.
M03_SCENE_SPLIT_02_GUESS	M03	split	GUESS	At the base; the depot team boards the van and pulls away	Then I'll make it loud. Give me twenty minutes and a straight road, and don't start without me.
M03_SCENE_LOADING_01_GOHAN	M03	loading	GOHAN	At the Benson; crates carried into the bed by hand	Rifles, plates, ammunition. Cartel-bought and never fired. Three crates and the truck is full.
M03_SCENE_LOADING_02_GOHAN	M03	loading	GOHAN	At the Benson; crates carried into the bed by hand	Last one. She's yours, Guess. Don't scrape her on the gate.
M04_SCENE_INTRO_01_GOHAN	M04	intro	GOHAN	Briefing; intent before tactics	Miller has our forensics and an Aegis buyer. The van's drive gave us the meeting. We need his copy.
M04_SCENE_INTRO_02_GUESS	M04	intro	GUESS	Briefing; intent before tactics	Gohan takes the breaker in the surface lot. Ice clears the escort; I chase Miller for his drive. His car or him, we stop one. Tell me where this stops after that, Ice.
M04_SCENE_OUTRO_01_ICE	M04	outro	ICE	Reflective; allow the response to land	Miller's drive points to Mateo's sea cave. Mateo can tell us who paid for this. We bring him in breathing.
M04_SCENE_OUTRO_02_GOHAN	M04	outro	GOHAN	Reflective; allow the response to land	Then let me ask the questions. A corpse can't explain why three separate clients sent us to one dock.
M04_SCENE_TRANSACTION_01_MILLER	M04	transaction	MILLER	Staged action; support cast on set, brothers in position	Two copies. This one's yours when the transfer clears. The other one stays with me.
M04_SCENE_TRANSACTION_02_BUYER	M04	transaction	BUYER	Staged action; support cast on set, brothers in position	Aegis pays on delivery, Detective. Open it.
M04_SCENE_TRANSACTION_03_GOHAN	M04	transaction	GOHAN	Staged action; support cast on set, brothers in position	Case is real, and it's in his hand. I'm at the breaker. Lights go out on my count.
M05_SCENE_INTRO_01_GOHAN	M05	intro	GOHAN	Briefing; intent before tactics	Mateo is hiding offshore. If Aegis burns him before we reach him, we lose the only person who knows the setup.
M05_SCENE_INTRO_02_ICE	M05	intro	ICE	Briefing; intent before tactics	I cover the shore. Guess and Gohan take the dinghy: signal the cove, close on Mateo, bring him in breathing. I missed my shot when I heard your voice. Don't make me regret it.
M05_SCENE_OUTRO_01_GUESS	M05	outro	GUESS	Reflective; allow the response to land	You said take the war to Blaine. Fine, later. Our faces are still sitting in a police evidence vault here.
M05_SCENE_OUTRO_02_GOHAN	M05	outro	GOHAN	Reflective; allow the response to land	Mateo's accusation isn't proof yet. First the backup servers. Then we follow the money he was protecting.
M06_SCENE_INTRO_01_GOHAN	M06	intro	GOHAN	Briefing; intent before tactics	The mobile upload was one copy. Vespucci has the backup. Burning it buys us time; it doesn't erase who saw us.
M06_SCENE_INTRO_02_GUESS	M06	intro	GUESS	Briefing; intent before tactics	I wait in the Granger. Gohan cuts the feeder, Ice takes the entrance, then Gohan burns the racks while Ice holds SWAT. Both of you come back before we leave.
M06_SCENE_OUTRO_01_ICE	M06	outro	ICE	Reflective; allow the response to land	You called the window and I took it. We made it because you were watching something I couldn't see.
M06_SCENE_OUTRO_02_GOHAN	M06	outro	GOHAN	Reflective; allow the response to land	Now we need their traffic, not their cameras. The microwave dish should tell us what Aegis is moving.
M07_SCENE_INTRO_01_GOHAN	M07	intro	GOHAN	Briefing; intent before tactics	Mateo named Aegis. This tap lets us test his story against their own manifests. Don't destroy the dish.
M07_SCENE_INTRO_02_ICE	M07	intro	ICE	Briefing; intent before tactics	I used to trust a uniform to tell me whose side I was on. Give me something I can verify.
M07_SCENE_OUTRO_01_GUESS	M07	outro	GUESS	Reflective; allow the response to land	Two engines, bound for Paleto. Steal their speed and maybe we stop finishing every job with holes in the doors.
M07_SCENE_OUTRO_02_GOHAN	M07	outro	GOHAN	Reflective; allow the response to land	Elysian warehouse first. This is a supply route. Each shipment should tell us where the next one goes.
M08_SCENE_INTRO_01_GUESS	M08	intro	GUESS	Briefing; intent before tactics	Those turbines are the difference between hauling armor and dying inside it. I'll choose what the truck can carry.
M08_SCENE_INTRO_02_ICE	M08	intro	ICE	Briefing; intent before tactics	Take the time you need to secure them. I won't call you slow while I'm standing behind your armor.
M08_SCENE_OUTRO_01_GOHAN	M08	outro	GOHAN	Reflective; allow the response to land	The crates need a quiet transfer before the final run. While they're hidden, we can lift an IFF from Vance's convoy.
M08_SCENE_OUTRO_02_GUESS	M08	outro	GUESS	Reflective; allow the response to land	Colonel Vance. Same surname as you, Ice. I won't invent a connection, but don't make me ask twice if there is one.
M09_SCENE_INTRO_01_ICE	M09	intro	ICE	Briefing; intent before tactics	The colonel isn't family. He's Aegis command. We take his escort's clearance unit; chasing him costs us the route.
M09_SCENE_INTRO_02_GUESS	M09	intro	GUESS	Briefing; intent before tactics	Good. Tell me the part that might change your judgment before I put the Frogger over that convoy.
M09_SCENE_OUTRO_01_ICE	M09	outro	ICE	Reflective; allow the response to land	Seven-Echo-Victor gets us past a military checkpoint. Save it for the heavy lift. The engines still need delivering.
M09_SCENE_OUTRO_02_GUESS	M09	outro	GUESS	Reflective; allow the response to land	Then we finish the job we parked. No fresh score until those crates are off the road.
M10_SCENE_INTRO_01_GUESS	M10	intro	GUESS	Briefing; intent before tactics	The engines are back on the hauler. Aegis knows they're missing. Keep their bikes off me and I'll keep us moving.
M10_SCENE_INTRO_02_GOHAN	M10	intro	GOHAN	Briefing; intent before tactics	I'm watching the route. Call the danger you see; I'll keep the way out on your map.
M10_SCENE_OUTRO_01_ICE	M10	outro	ICE	Reflective; allow the response to land	You stopped joking on that bridge. I should've noticed how close we were before you had to tell me.
M10_SCENE_OUTRO_02_GUESS	M10	outro	GUESS	Reflective; allow the response to land	I joke when I'm nervous too. Learn the difference. Tomorrow we bolt these things into something that brings us home.
M11_SCENE_INTRO_01_GUESS	M11	intro	GUESS	Briefing; intent before tactics	Nobody fires a shot today unless this engine starts shooting first. Ice, hold the throttle where I put it.
M11_SCENE_INTRO_02_ICE	M11	intro	ICE	Briefing; intent before tactics	Your shop, your call. I owe you a day where keeping us alive doesn't mean driving through a roadblock.
M11_SCENE_OUTRO_01_GOHAN	M11	outro	GOHAN	Reflective; allow the response to land	Berth 44 has gold and bonds on the manifest. Three billion is the shipment's claim, not money we can spend.
M11_SCENE_OUTRO_02_GUESS	M11	outro	GUESS	Reflective; allow the response to land	We survey it before we dream about it. And if we get rich, nobody buys the right to vanish without a goodbye.
M12_SCENE_INTRO_01_GOHAN	M12	intro	GOHAN	Briefing; intent before tactics	The manifest gives us a hold number. The ROV tells us whether a container can actually come out through the hull.
M12_SCENE_INTRO_02_GUESS	M12	intro	GUESS	Briefing; intent before tactics	You're quiet when you're worried. Used to mean an exam. Now it means I should check my fuel twice.
M12_SCENE_OUTRO_01_GOHAN	M12	outro	GOHAN	Reflective; allow the response to land	The hull can be breached, but surface patrols will box in the extraction. We need their boats short of fuel.
M12_SCENE_OUTRO_02_ICE	M12	outro	ICE	Reflective; allow the response to land	You showed us the part that wouldn't work. Keep doing that. I can plan around a problem you tell me about.
M13_SCENE_INTRO_01_ICE	M13	intro	ICE	Briefing; intent before tactics	The fuel barges supply harbor pursuit. Take them out and the heist's slowest vehicle gets a chance to leave.
M13_SCENE_INTRO_02_GOHAN	M13	intro	GOHAN	Briefing; intent before tactics	Check the waterline before you plant. A fuel worker isn't Aegis command just because he's working their slipway.
M13_SCENE_OUTRO_01_GUESS	M13	outro	GUESS	Reflective; allow the response to land	Fewer boats behind us. That still leaves radar above us. Sandy Shores has the jammer pod we need.
M13_SCENE_OUTRO_02_ICE	M13	outro	ICE	Reflective; allow the response to land	Copy. We're making an exit, not collecting explosions. Keep me honest about that.
M14_SCENE_INTRO_01_GUESS	M14	intro	GUESS	Briefing; intent before tactics	The stolen pod has to survive the flight. Blinding their radar is worth more than winning a dogfight tonight.
M14_SCENE_INTRO_02_ICE	M14	intro	ICE	Briefing; intent before tactics	If the approach closes, call it off. I'd rather change the heist than put your name on a memorial.
M14_SCENE_OUTRO_01_GUESS	M14	outro	GUESS	Reflective; allow the response to land	Pod's ours. Hearing you say I could turn back made it easier to make the run. Funny how that works.
M14_SCENE_OUTRO_02_GOHAN	M14	outro	GOHAN	Reflective; allow the response to land	Air cover sorted. I still need the harbor gate network before we move anything through the channel.
M15_SCENE_INTRO_01_GOHAN	M15	intro	GOHAN	Briefing; intent before tactics	This fiber trunk runs the lock gates. Without access, our exit becomes a basin with the doors shut.
M15_SCENE_INTRO_02_ICE	M15	intro	ICE	Briefing; intent before tactics	Talk me through the tap. I don't need every circuit. I need to know when you're committed and can't move.
M15_SCENE_OUTRO_01_GOHAN	M15	outro	GOHAN	Reflective; allow the response to land	Gate access is ready. Keeping a copy on each of your devices. If I go down, the plan still belongs to all three.
M15_SCENE_OUTRO_02_GUESS	M15	outro	GUESS	Reflective; allow the response to land	You aren't a spare part, Gohan. But thank you for trusting us with your work.
M16_SCENE_INTRO_01_ICE	M16	intro	ICE	Briefing; intent before tactics	The convoy's IFF buys an approach to Zancudo. It won't make us invisible once Guess starts the Cargobob.
M16_SCENE_INTRO_02_GUESS	M16	intro	GUESS	Briefing; intent before tactics	I'll call when the aircraft is ready. You leave the fight then, even if there's somebody left to be angry at.
M16_SCENE_OUTRO_01_ICE	M16	outro	ICE	Reflective; allow the response to land	I heard you. You got the lift out. We'll meet at Terminal. The helicopter is ours and the clearance trick is burned.
M16_SCENE_OUTRO_02_GOHAN	M16	outro	GOHAN	Reflective; allow the response to land	Now the submerged load needs a way to float. Bring that lifting capacity to the dry dock.
M17_SCENE_INTRO_01_GOHAN	M17	intro	GOHAN	Briefing; intent before tactics	The Kraken needs cutters and ballast grapples. A hole in a ship means nothing if the cargo stays on the bottom.
M17_SCENE_INTRO_02_GUESS	M17	intro	GUESS	Briefing; intent before tactics	You build like you expect nobody to come get you. Put a release on this thing that another person can reach.
M17_SCENE_OUTRO_01_GOHAN	M17	outro	GOHAN	Reflective; allow the response to land	All right. External release, where either of you can reach it. I learned to work alone. That doesn't mean I want to die that way.
M17_SCENE_OUTRO_02_ICE	M17	outro	ICE	Reflective; allow the response to land	We rehearse the pickups at staging. Everybody knows how to bring the other two back.
M18_SCENE_INTRO_01_ICE	M18	intro	ICE	Briefing; intent before tactics	Sub, Cargobob, hauler. Check the fuel and the exits now. Once Gohan cuts the hull, this stops being preparation.
M18_SCENE_INTRO_02_GUESS	M18	intro	GUESS	Briefing; intent before tactics	One rule from me: if somebody calls abort, we answer before we argue. A container isn't a fourth brother.
M18_SCENE_OUTRO_01_GOHAN	M18	outro	GOHAN	Reflective; allow the response to land	I used to think being useful was how I earned a place here. Tonight, if I need help, I'll say it.
M18_SCENE_OUTRO_02_ICE	M18	outro	ICE	Reflective; allow the response to land	Then we go in with that understood. Hold three first. No one starts a different fight.
M19_SCENE_INTRO_01_GOHAN	M19	intro	GOHAN	Briefing; intent before tactics	I'm taking the sub under Berth 44. Listen for my breathing. If the radio gets too quiet, ask me a question.
M19_SCENE_INTRO_02_ICE	M19	intro	ICE	Briefing; intent before tactics	What did Guess break at the car wash? I've got enough answers to keep you talking all night.
M19_SCENE_OUTRO_01_GOHAN	M19	outro	GOHAN	Reflective; allow the response to land	Ballast attached. Cargo is coming up. Guess, your turn. And Ice... it was the owner's new radio.
M19_SCENE_OUTRO_02_GUESS	M19	outro	GUESS	Reflective; allow the response to land	It was already broken. Hook line coming down. Don't settle that argument under thirty tons of metal.
M20_SCENE_INTRO_01_GUESS	M20	intro	GUESS	Briefing; intent before tactics	Gohan floated the load. I hook it; Ice keeps the quayside gunners off the rotor. Nobody mistakes altitude for safety.
M20_SCENE_INTRO_02_ICE	M20	intro	ICE	Briefing; intent before tactics	Call the strain before the engine does. We can lose weight. We can't lose you.
M20_SCENE_OUTRO_01_GUESS	M20	outro	GUESS	Reflective; allow the response to land	She's airborne, barely. I can't dodge anything with this hanging under us. Gohan, I need that water route clear.
M20_SCENE_OUTRO_02_GOHAN	M20	outro	GOHAN	Reflective; allow the response to land	I'm on your flank. Follow my boat. You don't have to invent an exit while you're holding the whole score.
M21_SCENE_INTRO_01_GOHAN	M21	intro	GOHAN	Briefing; intent before tactics	The Cargobob can't outrun a missile with the container attached. I'll draw the surface boats away from its path.
M21_SCENE_INTRO_02_GUESS	M21	intro	GUESS	Briefing; intent before tactics	Stay where I can see you. Protecting me doesn't mean you're allowed to disappear under the water.
M21_SCENE_OUTRO_01_ICE	M21	outro	ICE	Reflective; allow the response to land	We have a route to the Alamo. Drop the load shallow enough to recover. Everybody lands before we count it.
M21_SCENE_OUTRO_02_GUESS	M21	outro	GUESS	Reflective; allow the response to land	I want one minute on the beach where nobody asks me to keep moving.
M22_SCENE_INTRO_01_ICE	M22	intro	ICE	Briefing; intent before tactics	The container goes into the shallows. Nobody takes the whole shipment home in one night. We recover it in pieces.
M22_SCENE_INTRO_02_GOHAN	M22	intro	GOHAN	Briefing; intent before tactics	That strike came off a contract airframe with a city permit and our address on file. They spent the one shot they can explain. The next one needs a target they can prove.
M22_SCENE_OUTRO_01_GUESS	M22	outro	GUESS	Reflective; allow the response to land	That shop was going to be ours. Not a hideout. A place you two might actually stay.
M22_SCENE_OUTRO_02_ICE	M22	outro	ICE	Reflective; allow the response to land	I said I could defend it. I was wrong. We get shelter in Senora, then we count people before equipment.
M23_SCENE_INTRO_01_ICE	M23	intro	ICE	Briefing; intent before tactics	The radar bunker gives us cover after Cypress. We clear the outpost, but nobody calls it home because I say so.
M23_SCENE_INTRO_02_GUESS	M23	intro	GUESS	Briefing; intent before tactics	A door that locks is a start. A way out is better. I'll check the second one while you take the first.
M23_SCENE_OUTRO_01_GOHAN	M23	outro	GOHAN	Reflective; allow the response to land	The bunker holds. I can work here. We still need fuel and money to keep three people alive out here.
M23_SCENE_OUTRO_02_GUESS	M23	outro	GUESS	Reflective; allow the response to land	Then we recover only what we can guard from the Alamo. No more betting the house on the whole pile.
M24_SCENE_INTRO_01_GOHAN	M24	intro	GOHAN	Briefing; intent before tactics	Five tons first. The rest stays hidden. We need operating money, not a convoy that advertises the entire haul.
M24_SCENE_INTRO_02_ICE	M24	intro	ICE	Briefing; intent before tactics	If deputies arrive, call them out. Keep that cable steady; I've got the ridge.
M24_SCENE_OUTRO_01_GUESS	M24	outro	GUESS	Reflective; allow the response to land	Enough recovered to keep the lights on. The rest can wait. I'm keeping track of what surviving actually costs.
M24_SCENE_OUTRO_02_ICE	M24	outro	ICE	Reflective; allow the response to land	Those deputies knew too much. Assume every isolated road can turn into a bounty trap.
M25_SCENE_INTRO_01_ICE	M25	intro	ICE	Briefing; intent before tactics	Aegis put five million on us. The deputies in Raton aren't making an arrest. I'm taking the high ground.
M25_SCENE_INTRO_02_GOHAN	M25	intro	GOHAN	Briefing; intent before tactics	Send the route before you move. You don't have to keep the danger to yourself to keep us out of it.
M25_SCENE_OUTRO_01_ICE	M25	outro	ICE	Reflective; allow the response to land	I nearly did it again. Went quiet so neither of you would hear the pressure in my voice. Next time, I'll make the call.
M25_SCENE_OUTRO_02_GUESS	M25	outro	GUESS	Reflective; allow the response to land	Make it early. Their spotters are over the Alamo now. We protect the water together.
M26_SCENE_INTRO_01_GUESS	M26	intro	GUESS	Briefing; intent before tactics	Those planes are searching for the submerged gold. The Lazer we towed out of Zancudo under the M16 clearance is fueled in the McKenzie hangar. I'll take it. Gohan, keep them from calling in a fix.
M26_SCENE_INTRO_02_ICE	M26	intro	ICE	Briefing; intent before tactics	I'm listening to your channel. If you need me, you get an answer. That's the part I can promise.
M26_SCENE_OUTRO_01_GOHAN	M26	outro	GOHAN	Reflective; allow the response to land	The spotters' traffic points to an Aegis charter. Its flight ledger may show where their arms pipeline goes.
M26_SCENE_OUTRO_02_GUESS	M26	outro	GUESS	Reflective; allow the response to land	Then we intercept it with an actual pickup plan. Ice isn't jumping into a promise with no boat underneath.
M27_SCENE_INTRO_01_GUESS	M27	intro	GUESS	Briefing; intent before tactics	I put you over the Shamal. Gohan has the sea pickup. Check your parachute twice; I want an argument about this later.
M27_SCENE_INTRO_02_ICE	M27	intro	ICE	Briefing; intent before tactics	You both get a vote. If either of you says the approach is wrong, I stay in the plane.
M27_SCENE_OUTRO_01_GOHAN	M27	outro	GOHAN	Reflective; allow the response to land	The flight ledger connects the northern relays to an offshore installation. First we cut the network tracking us.
M27_SCENE_OUTRO_02_ICE	M27	outro	ICE	Reflective; allow the response to land	I heard your boat before I saw it. For once I knew somebody was waiting. Don't make a joke yet, Guess.
M28_SCENE_INTRO_01_GOHAN	M28	intro	GOHAN	Briefing; intent before tactics	The charter's ledger identifies this repeater. Cut it and the northern drone teams lose their coordinated picture.
M28_SCENE_INTRO_02_ICE	M28	intro	ICE	Briefing; intent before tactics	I cover your descent. If the splice takes longer, tell me. Silence isn't the same as having it handled.
M28_SCENE_OUTRO_01_GUESS	M28	outro	GUESS	Reflective; allow the response to land	That buys the bunker breathing room, not permanent invisibility. We still need fuel before its generator gives out.
M28_SCENE_OUTRO_02_GOHAN	M28	outro	GOHAN	Reflective; allow the response to land	Then we steal power we can store. I'm done making plans that depend on nobody noticing us forever.
M29_SCENE_INTRO_01_GUESS	M29	intro	GUESS	Briefing; intent before tactics	The bunker needs fuel. We take a road tanker from the rail depot and leave the rest. Enough to keep the lights on.
M29_SCENE_INTRO_02_ICE	M29	intro	ICE	Briefing; intent before tactics	I'll handle the transfer valve. Wait for my call before you pull out. No guessing what the other man has finished.
M29_SCENE_OUTRO_01_GOHAN	M29	outro	GOHAN	Reflective; allow the response to land	Generator reserves secured. The satellite gear still needs parts before I can read the offshore traffic cleanly.
M29_SCENE_OUTRO_02_GUESS	M29	outro	GUESS	Reflective; allow the response to land	I can run the ridge with those parts. I'll tell you when it stops feeling like a delivery.
M30_SCENE_INTRO_01_GUESS	M30	intro	GUESS	Briefing; intent before tactics	The satellite parts have to reach the bunker. Mount Josiah avoids the highway checks, but it gives me less room to recover.
M30_SCENE_INTRO_02_GOHAN	M30	intro	GOHAN	Briefing; intent before tactics	I chose the route from a map. You can reject it from the driver's seat. I won't call that failing the plan.
M30_SCENE_OUTRO_01_GUESS	M30	outro	GUESS	Reflective; allow the response to land	Parts delivered. Next time we walk through the drop-offs before you call a line on a map a road.
M30_SCENE_OUTRO_02_ICE	M30	outro	ICE	Reflective; allow the response to land	Agreed. While Gohan fits them, we reinforce the perimeter. We can't afford another Cypress.
M31_SCENE_INTRO_01_ICE	M31	intro	ICE	Briefing; intent before tactics	The bunker survived because they haven't committed a full assault. These defenses buy warning and a route to withdraw.
M31_SCENE_INTRO_02_GUESS	M31	intro	GUESS	Briefing; intent before tactics	Good. Build an exit into the defense. I don't want another place we have to love until it kills us.
M31_SCENE_OUTRO_01_GOHAN	M31	outro	GOHAN	Reflective; allow the response to land	Perimeter is ready. Offshore defenses still outclass us; Zancudo has the EMP warheads that could change that.
M31_SCENE_OUTRO_02_ICE	M31	outro	ICE	Reflective; allow the response to land	Then we take the smallest team and the clearest route. No one earns trust by taking every risk himself.
M32_SCENE_INTRO_01_GOHAN	M32	intro	GOHAN	Briefing; intent before tactics	The rig's defenses need more than my portable pulse. Zancudo's warheads give us a way to shut them down.
M32_SCENE_INTRO_02_ICE	M32	intro	ICE	Briefing; intent before tactics	We'll get the hardware. We still need someone who knows what it protects. Weapons aren't an intelligence plan.
M32_SCENE_OUTRO_01_GOHAN	M32	outro	GOHAN	Reflective; allow the response to land	Warheads secured. We still lack access codes. An Aegis engineer named Ramos is marked for execution on the flats.
M32_SCENE_OUTRO_02_GUESS	M32	outro	GUESS	Reflective; allow the response to land	Then we go for Ramos as a person first. If he can't give us anything, we still bring him back.
M33_SCENE_INTRO_01_ICE	M33	intro	ICE	Briefing; intent before tactics	Ramos is being taken to an execution site. We interrupt it now. Questions can wait until he's out of their hands.
M33_SCENE_INTRO_02_GOHAN	M33	intro	GOHAN	Briefing; intent before tactics	I know what it's like when a powerful employer decides your name should disappear. Don't let them write his ending.
M33_SCENE_OUTRO_01_GUESS	M33	outro	GUESS	Reflective; allow the response to land	He's alive, but he's hurt. The half-track gets him through the wind farm. Nobody asks him for codes on a stretcher.
M33_SCENE_OUTRO_02_ICE	M33	outro	ICE	Reflective; allow the response to land	You heard him. We guard the man before we spend what he knows.
M34_SCENE_INTRO_01_GUESS	M34	intro	GUESS	Briefing; intent before tactics	Ramos needs a way through the storm. The half-track can take hits; he can't. Call targets without shouting over him.
M34_SCENE_INTRO_02_ICE	M34	intro	ICE	Briefing; intent before tactics	I'll cover your side. Gohan, stay with Ramos. He ought to hear one calm voice in this thing.
M34_SCENE_OUTRO_01_GOHAN	M34	outro	GOHAN	Reflective; allow the response to land	He's safe enough to talk when he's ready. His rig codes help, but an extraction still needs protection from aircraft.
M34_SCENE_OUTRO_02_GUESS	M34	outro	GUESS	Reflective; allow the response to land	Chianski convoy has a technical we can use. We get it because this rescue has to have a way home.
M35_SCENE_INTRO_01_ICE	M35	intro	ICE	Briefing; intent before tactics	The convoy carries our anti-air cover for Paleto. Disable the escort without destroying what we came to take.
M35_SCENE_INTRO_02_GUESS	M35	intro	GUESS	Briefing; intent before tactics	And if the gun truck burns, we change the extraction. We don't pretend a missing piece will appear under fire.
M35_SCENE_OUTRO_01_GOHAN	M35	outro	GOHAN	Reflective; allow the response to land	Surface cover acquired. I'll survey the rig underwater. Ramos can explain a system; I still have to see the approach.
M35_SCENE_OUTRO_02_ICE	M35	outro	ICE	Reflective; allow the response to land	Send us the footage too. This time the risk assessment belongs to everybody.
M36_SCENE_INTRO_01_GOHAN	M36	intro	GOHAN	Briefing; intent before tactics	Ramos's codes get us access, not a clear sea. I'm mapping the sonar and depth-charge tubes before we commit.
M36_SCENE_INTRO_02_GUESS	M36	intro	GUESS	Briefing; intent before tactics	Call what worries you while you're looking at it. Don't save the bad news for the finished diagram.
M36_SCENE_OUTRO_01_GOHAN	M36	outro	GOHAN	Reflective; allow the response to land	We need a screen over the surface approach and charges below it. Start with smoke aircraft at McKenzie.
M36_SCENE_OUTRO_02_ICE	M36	outro	ICE	Reflective; allow the response to land	You came back with reasons to wait. That's a successful recon. We build what the plan actually needs.
M37_SCENE_INTRO_01_GUESS	M37	intro	GUESS	Briefing; intent before tactics	The crop dusters lay smoke across the rig approach. They won't make us invisible; they shorten the gunners' view.
M37_SCENE_INTRO_02_ICE	M37	intro	ICE	Briefing; intent before tactics	Mark the gaps too. I want the extraction route to make sense when the wind doesn't cooperate.
M37_SCENE_OUTRO_01_GUESS	M37	outro	GUESS	Reflective; allow the response to land	Aircraft fitted. The screen gives Gohan a chance to place charges, if we can get the right explosives.
M37_SCENE_OUTRO_02_GOHAN	M37	outro	GOHAN	Reflective; allow the response to land	Davis Quartz has seismic stock. We take enough for the surveyed columns, not enough to impress each other.
M38_SCENE_INTRO_01_ICE	M38	intro	ICE	Briefing; intent before tactics	The quarry charges fit the rig's stabilizers. Gohan measured the placement. We take the crates he specified.
M38_SCENE_INTRO_02_GOHAN	M38	intro	GOHAN	Briefing; intent before tactics	And we confirm everybody is clear before detonation. I'm not calling people acceptable losses because a drawing looks neat.
M38_SCENE_OUTRO_01_GUESS	M38	outro	GUESS	Reflective; allow the response to land	Charges secured. We still have to stop the rig calling the mainland the second it feels a tremor.
M38_SCENE_OUTRO_02_GOHAN	M38	outro	GOHAN	Reflective; allow the response to land	Its undersea cable is next. One system at a time, with a reason for each one.
M39_SCENE_INTRO_01_GOHAN	M39	intro	GOHAN	Briefing; intent before tactics	This cable carries the rig's mainland traffic. Sever it and their response has to use a slower, noisier channel.
M39_SCENE_INTRO_02_ICE	M39	intro	ICE	Briefing; intent before tactics	You keep a return line to us. Cutting their contact doesn't mean cutting yours.
M39_SCENE_OUTRO_01_GOHAN	M39	outro	GOHAN	Reflective; allow the response to land	Mainland link severed. I can do the underwater work. I still need to know the boats can take us off that platform.
M39_SCENE_OUTRO_02_GUESS	M39	outro	GUESS	Reflective; allow the response to land	Bring your drawings to the sea cave. We'll put the armor where your exit actually reaches the water.
M40_SCENE_INTRO_01_GUESS	M40	intro	GUESS	Briefing; intent before tactics	These boats are the last part we touch after the rig. Plates, glass, engines. Test them loaded, not empty.
M40_SCENE_INTRO_02_ICE	M40	intro	ICE	Briefing; intent before tactics	Put my ammunition on the scale. If I ask for armor and speed, I have to admit what my gear costs.
M40_SCENE_OUTRO_01_GOHAN	M40	outro	GOHAN	Reflective; allow the response to land	Boats are ready. Bradley can still authorize mainland air strikes. We need his authority and his access card removed.
M40_SCENE_OUTRO_02_ICE	M40	outro	ICE	Reflective; allow the response to land	I'll go to the lodge. You'll get the route and the return time before I leave.
M41_SCENE_INTRO_01_ICE	M41	intro	ICE	Briefing; intent before tactics	Bradley controls military support for the rig. His card opens the command level. Both are reasons this cannot wait.
M41_SCENE_INTRO_02_GUESS	M41	intro	GUESS	Briefing; intent before tactics	Then come back when the job is finished. You don't owe us another mountain full of bodies to prove you're useful.
M41_SCENE_OUTRO_01_ICE	M41	outro	ICE	Reflective; allow the response to land	Bradley can't authorize the strike. Gohan gets the card. I'm coming back with what we agreed to take.
M41_SCENE_OUTRO_02_GOHAN	M41	outro	GOHAN	Reflective; allow the response to land	We deploy the sub next. Thanks for saying you're coming back instead of just going silent.
M42_SCENE_INTRO_01_GUESS	M42	intro	GUESS	Briefing; intent before tactics	The Titan gets the Kraken beyond the watched coast. Gohan, talk through each latch before I open the cargo ramp.
M42_SCENE_INTRO_02_GOHAN	M42	intro	GOHAN	Briefing; intent before tactics	I'm trusting you with the part I can't check from inside the hull. If I'm quiet, it's concentration, not permission.
M42_SCENE_OUTRO_01_GUESS	M42	outro	GUESS	Reflective; allow the response to land	Sub deployed. That one had my nerves up. Nobody put that in the flight log.
M42_SCENE_OUTRO_02_ICE	M42	outro	ICE	Reflective; allow the response to land	Put it in. Then somebody reading the plan knows what it asks of a person. We regroup at staging.
M43_SCENE_INTRO_01_ICE	M43	intro	ICE	Briefing; intent before tactics	Sub below, gunboats on the surface, helicopter on extraction. Confirm all three before anybody crosses the perimeter.
M43_SCENE_INTRO_02_GOHAN	M43	intro	GOHAN	Briefing; intent before tactics	Ramos gave us codes because we brought him out alive. We keep proving that was the right decision.
M43_SCENE_OUTRO_01_GUESS	M43	outro	GUESS	Reflective; allow the response to land	Final check: the exit stays open even if the vault doesn't. We came north as three people. We leave with three.
M43_SCENE_OUTRO_02_ICE	M43	outro	ICE	Reflective; allow the response to land	Agreed. Gohan starts beneath the platform. The rest of us move on his call.
M44_SCENE_INTRO_01_GOHAN	M44	intro	GOHAN	Briefing; intent before tactics	I'm approaching the stabilizers. I disable the sea defenses before Ice lands. Nobody jumps ahead because I'm underwater.
M44_SCENE_INTRO_02_ICE	M44	intro	ICE	Briefing; intent before tactics	Your clock. Your call. I'll wait where Guess can still pull away.
M44_SCENE_OUTRO_01_GOHAN	M44	outro	GOHAN	Reflective; allow the response to land	Charges placed, sea defenses disabled. Keep the structure standing until everyone has a route off it.
M44_SCENE_OUTRO_02_GUESS	M44	outro	GUESS	Reflective; allow the response to land	Now I bring Ice to the helipad. Hold a channel open. We finally learned to wait for each other.
M45_SCENE_INTRO_01_GUESS	M45	intro	GUESS	Briefing; intent before tactics	Sea defenses are down, but the helipad guns still see us. Ice, you get one landing. Say if it isn't yours.
M45_SCENE_INTRO_02_ICE	M45	intro	ICE	Briefing; intent before tactics	Bring me inside the rail. I'll clear the route to Gohan. No hero jump to save five seconds.
M45_SCENE_OUTRO_01_ICE	M45	outro	ICE	Reflective; allow the response to land	Helipad's secure. Gohan, I need Bradley's card up here. Guess, how's our bird?
M45_SCENE_OUTRO_02_GOHAN	M45	outro	GOHAN	Reflective; allow the response to land	I'm on my way. When this door opens, we copy the evidence before we count the bonds.
M46_SCENE_INTRO_01_GOHAN	M46	intro	GOHAN	Briefing; intent before tactics	The command vault has the political escrow ledger. Bradley's card gets us in. The files explain who paid for all this.
M46_SCENE_INTRO_02_ICE	M46	intro	ICE	Briefing; intent before tactics	Take a copy we can prove is theirs. Mateo's word started us moving. It won't finish the fight.
M46_SCENE_OUTRO_01_GOHAN	M46	outro	GOHAN	Reflective; allow the response to land	Five hundred million in bonds, separate from the port gold. The ledger names officials. That's what makes them afraid.
M46_SCENE_OUTRO_02_GUESS	M46	outro	GUESS	Reflective; allow the response to land	Carry the evidence and whatever weight leaves room for a person. We have to get off this rig before we spend anything.
M47_SCENE_INTRO_01_GOHAN	M47	intro	GOHAN	Briefing; intent before tactics	The charges are live. Once I trigger them, the platform stops being a place we can search. Confirm your exit.
M47_SCENE_INTRO_02_GUESS	M47	intro	GUESS	Briefing; intent before tactics	Confirmed. Ice, answer in words. I can't hear a nod through a radio.
M47_SCENE_OUTRO_01_ICE	M47	outro	ICE	Reflective; allow the response to land	All three clear. We have the ledger. Now we cross the blockade before Aegis seals the coast.
M47_SCENE_OUTRO_02_GOHAN	M47	outro	GOHAN	Reflective; allow the response to land	We're taking proof back south, not just bringing the same war to another hiding place.
M48_SCENE_INTRO_01_GUESS	M48	intro	GUESS	Briefing; intent before tactics	The boats brought us ashore. The technicals take us through the outer blockade. Save fuel for the county line.
M48_SCENE_INTRO_02_ICE	M48	intro	ICE	Briefing; intent before tactics	We go back because their political ledger gives us a chance to end the contract. I won't call revenge a route home.
M48_SCENE_OUTRO_01_GOHAN	M48	outro	GOHAN	Reflective; allow the response to land	Outer cordon cleared. Chumash is a second line, not an open road. Aegis knows where the coast narrows.
M48_SCENE_OUTRO_02_GUESS	M48	outro	GUESS	Reflective; allow the response to land	Then nobody celebrates early. Get the turbine Granger ready for the next crossing.
M49_SCENE_INTRO_01_GUESS	M49	intro	GUESS	Briefing; intent before tactics	Chumash is the county-line barricade. This is where the Granger we built together has to earn its way back into town.
M49_SCENE_INTRO_02_ICE	M49	intro	ICE	Briefing; intent before tactics	And if it doesn't, we leave it. Cypress taught me a place can matter without being worth more than a person.
M49_SCENE_OUTRO_01_GOHAN	M49	outro	GOHAN	Reflective; allow the response to land	We're inside Los Santos. Emergency warrants still make every patrol a threat. Municipal records is the next stop.
M49_SCENE_OUTRO_02_GUESS	M49	outro	GUESS	Reflective; allow the response to land	I'll drive past Davis when we can do it without bringing a gunship behind us. I want to see what's still there.
M50_SCENE_INTRO_01_GOHAN	M50	intro	GOHAN	Briefing; intent before tactics	The city is distributing emergency warrants with our faces. I can stop the municipal feed. Existing patrol copies won't vanish.
M50_SCENE_INTRO_02_ICE	M50	intro	ICE	Briefing; intent before tactics	Then we plan for people who still recognize us. I won't mistake a cleared screen for forgiveness.
M50_SCENE_OUTRO_01_GUESS	M50	outro	GUESS	Reflective; allow the response to land	Less coordination on the streets. Now we prepare Downtown before their contractors settle into another siege.
M50_SCENE_OUTRO_02_GOHAN	M50	outro	GOHAN	Reflective; allow the response to land	Palmer-Taylor's grid feeds the approach. We place the blackout charges and control when that darkness starts.
M51_SCENE_INTRO_01_GOHAN	M51	intro	GOHAN	Briefing; intent before tactics	The transformer yard gives us a timed blackout for the downtown offensive. We need the failovers too, or it lasts seconds.
M51_SCENE_INTRO_02_GUESS	M51	intro	GUESS	Briefing; intent before tactics	People live under those lights. Keep the outage to the plan. I'm not celebrating a dark hospital.
M51_SCENE_OUTRO_01_ICE	M51	outro	ICE	Reflective; allow the response to land	Charges ready. Harrison signed the authority that keeps Aegis operating. We remove him before the tower assault.
M51_SCENE_OUTRO_02_GOHAN	M51	outro	GOHAN	Reflective; allow the response to land	Killing a signature doesn't cancel the paperwork. Keep the ledger intact. The public has to see what he approved.
M52_SCENE_INTRO_01_ICE	M52	intro	ICE	Briefing; intent before tactics	Harrison gave Aegis immunity. His protection keeps the contract alive. This closes one route they use to renew it.
M52_SCENE_INTRO_02_GUESS	M52	intro	GUESS	Briefing; intent before tactics	You can call it necessary. Don't call it justice for everybody in this city. We haven't earned that word.
M52_SCENE_OUTRO_01_GOHAN	M52	outro	GOHAN	Reflective; allow the response to land	Harrison is gone. Their sweep teams are moving below Pillbox. Clear the tunnels before they cut our route to Downtown.
M52_SCENE_OUTRO_02_ICE	M52	outro	ICE	Reflective; allow the response to land	And if either of you has something personal left to settle, say it. Secrets make a lousy fourth passenger.
M53_SCENE_INTRO_01_GOHAN	M53	intro	GOHAN	Briefing; intent before tactics	Aegis is sweeping the subway approaches. If they hold these tunnels, our tower plan has no sheltered way in or out.
M53_SCENE_INTRO_02_ICE	M53	intro	ICE	Briefing; intent before tactics	When I ask if you're hurt, I want the real answer. Not the automatic one.
M53_SCENE_OUTRO_01_GUESS	M53	outro	GUESS	Reflective; allow the response to land	Routes open. We need an observation point above this mess before we split across three buildings.
M53_SCENE_OUTRO_02_GOHAN	M53	outro	GOHAN	Reflective; allow the response to land	The foreclosed Pillbox penthouse has sightlines and a transmitter. Temporary operations room. No promises about home.
M54_SCENE_INTRO_01_ICE	M54	intro	ICE	Briefing; intent before tactics	The penthouse overlooks Maze Bank. We use it to watch the target and coordinate the escrow breach, then we leave.
M54_SCENE_INTRO_02_GUESS	M54	intro	GUESS	Briefing; intent before tactics	Don't put three keys on the table this time. I know what this place is. We can talk about a home afterward.
M54_SCENE_OUTRO_01_GOHAN	M54	outro	GOHAN	Reflective; allow the response to land	The transmitter is up. Three escrow terminals need overlapping access windows. Each of us will hold one.
M54_SCENE_OUTRO_02_ICE	M54	outro	ICE	Reflective; allow the response to land	Then each of us gets to call a delay. Trust has to work when I can't see either of you.
M55_SCENE_INTRO_01_GOHAN	M55	intro	GOHAN	Briefing; intent before tactics	Three terminals, one five-minute window. The breach locks their escrow routes; the final authorization is still at Maze Bank.
M55_SCENE_INTRO_02_ICE	M55	intro	ICE	Briefing; intent before tactics	Nobody changes the timing alone. I've done enough keeping you two in the dark.
M55_SCENE_OUTRO_01_GUESS	M55	outro	GUESS	Reflective; allow the response to land	Three terminals hit. Their ground units are coming down the river to cut our escape corridors.
M55_SCENE_OUTRO_02_GOHAN	M55	outro	GOHAN	Reflective; allow the response to land	Escrow constrained, not cashed out. We still need the master authorization. First we keep a road out of town open.
M56_SCENE_INTRO_01_GUESS	M56	intro	GUESS	Briefing; intent before tactics	The canal is part of the final escape route. Aegis armor is trying to turn it into a sealed trench.
M56_SCENE_INTRO_02_ICE	M56	intro	ICE	Briefing; intent before tactics	I'll clear the guns facing your cab. You tell me when we have enough room to leave. We don't have to own the river.
M56_SCENE_OUTRO_01_GOHAN	M56	outro	GOHAN	Reflective; allow the response to land	Canal route survives. Their coastal gunships are hunting the boats next. If they close the water, the road ends nowhere.
M56_SCENE_OUTRO_02_GUESS	M56	outro	GUESS	Reflective; allow the response to land	Then we defend the water exit too. I'm planning for a broken aircraft, not just a beautiful takeoff.
M57_SCENE_INTRO_01_GUESS	M57	intro	GUESS	Briefing; intent before tactics	Those gunships are searching our extraction waters. Clear their patrol pattern and we keep a fallback off the coast.
M57_SCENE_INTRO_02_ICE	M57	intro	ICE	Briefing; intent before tactics	You had exits planned for us before we ever asked. Keep doing that.
M57_SCENE_OUTRO_01_GOHAN	M57	outro	GOHAN	Reflective; allow the response to land	The water route is breathing again. Cifuentes remnants are regrouping in Mirror Park. They can still hunt our families.
M57_SCENE_OUTRO_02_GUESS	M57	outro	GUESS	Reflective; allow the response to land	We break their local command. We don't start calling everybody on that street cartel.
M58_SCENE_INTRO_01_ICE	M58	intro	ICE	Briefing; intent before tactics	Mirror Park holds the cartel's remaining local command. Leaving it intact means leaving someone paid to keep finding us.
M58_SCENE_INTRO_02_GOHAN	M58	intro	GOHAN	Briefing; intent before tactics	Separate the house from the neighborhood. Davis taught all of us what happens when people stop making that distinction.
M58_SCENE_OUTRO_01_GOHAN	M58	outro	GOHAN	Reflective; allow the response to land	Their command is broken. Now the rig recordings can go public without that crew intercepting the broadcast route.
M58_SCENE_OUTRO_02_GUESS	M58	outro	GUESS	Reflective; allow the response to land	Send the proof, including the parts that don't flatter us. If we choose what people can know, we're doing their job.
M59_SCENE_INTRO_01_GOHAN	M59	intro	GOHAN	Briefing; intent before tactics	The rig ledger and bribery recordings can show how Aegis bought this war. I'm sending copies beyond a single station.
M59_SCENE_INTRO_02_ICE	M59	intro	ICE	Briefing; intent before tactics	Publish what we can substantiate. Let people see the difference between evidence and something I shouted after a gunfight.
M59_SCENE_OUTRO_01_GUESS	M59	outro	GUESS	Reflective; allow the response to land	They're moving on Davis. They heard the broadcast and they're going after the people who knew us before it.
M59_SCENE_OUTRO_02_ICE	M59	outro	ICE	Reflective; allow the response to land	Then the escape waits. We left those streets once without explaining ourselves. We don't abandon them under fire.
M60_SCENE_INTRO_01_ICE	M60	intro	ICE	Briefing; intent before tactics	Aegis is attacking Davis because of us. We hold their squads out long enough for neighbors to reach cover.
M60_SCENE_INTRO_02_GUESS	M60	intro	GUESS	Briefing; intent before tactics	This isn't our old playground with enemies painted on it. Follow the people who live here. They know who needs help.
M60_SCENE_OUTRO_01_GOHAN	M60	outro	GOHAN	Reflective; allow the response to land	The neighborhood held. That doesn't erase what we brought here. Keep the names of the people who helped us.
M60_SCENE_OUTRO_02_ICE	M60	outro	ICE	Reflective; allow the response to land	We finish their command network, then get their guns away from these streets. The wreck at Terminal may have the next link.
M61_SCENE_INTRO_01_GOHAN	M61	intro	GOHAN	Briefing; intent before tactics	The downed command gunship has a tactical server. Its orders can corroborate the broadcast and expose their evacuation route.
M61_SCENE_INTRO_02_ICE	M61	intro	ICE	Briefing; intent before tactics	Save the records before their demolition team destroys them. We need something that survives after we're gone.
M61_SCENE_OUTRO_01_GUESS	M61	outro	GUESS	Reflective; allow the response to land	Aegis is moving mainframes and cash on a coastal freight. Intercept that and their tower loses its last movable backup.
M61_SCENE_OUTRO_02_GOHAN	M61	outro	GOHAN	Reflective; allow the response to land	Copies go out before the next job. We aren't carrying the only proof into another firefight.
M62_SCENE_INTRO_01_GUESS	M62	intro	GUESS	Briefing; intent before tactics	The train is their evacuation route. Ice takes the server cars, Gohan covers the water, I handle the air pickup.
M62_SCENE_INTRO_02_ICE	M62	intro	ICE	Briefing; intent before tactics	We extract the evidence and each other. I don't stay on a train to win an argument with a turret.
M62_SCENE_OUTRO_01_GOHAN	M62	outro	GOHAN	Reflective; allow the response to land	Their mobile backup is secured. The tower still holds the master access. This time we know why we have to go inside.
M62_SCENE_OUTRO_02_GUESS	M62	outro	GUESS	Reflective; allow the response to land	And everybody knows the way back out. Say it before we touch that lobby.
M63_SCENE_INTRO_01_ICE	M63	intro	ICE	Briefing; intent before tactics	Maze Bank holds Aegis command and the master authorization. We break the ground barricade together before splitting inside.
M63_SCENE_INTRO_02_GOHAN	M63	intro	GOHAN	Briefing; intent before tactics	The broadcast is already beyond this building. Burning a server here can't take the truth back from everybody else.
M63_SCENE_OUTRO_01_GUESS	M63	outro	GUESS	Reflective; allow the response to land	Lobby breached. Elevators are unreliable and they're sealing the upper floors. We climb with a route behind us.
M63_SCENE_OUTRO_02_ICE	M63	outro	ICE	Reflective; allow the response to land	You two stop me if I start chasing Vance ahead of the plan. I mean it this time.
M64_SCENE_INTRO_01_GOHAN	M64	intro	GOHAN	Briefing; intent before tactics	Power is cut above us. The shafts and stairs are the route. Check the next landing before leaving the last one.
M64_SCENE_INTRO_02_GUESS	M64	intro	GUESS	Briefing; intent before tactics	Fifteen years apart, and I'd still rather climb forty floors of this with you two than do one alone.
M64_SCENE_OUTRO_01_ICE	M64	outro	ICE	Reflective; allow the response to land	Boardroom ahead. If Vance offers one of us a way out, the others hear the offer too.
M64_SCENE_OUTRO_02_GOHAN	M64	outro	GOHAN	Reflective; allow the response to land	And the answer. Nobody decides for the other two.
M65_SCENE_INTRO_01_ICE	M65	intro	ICE	Briefing; intent before tactics	Vance is behind that glass. We need his master authorization to finish the financial shutdown, not another speech about winning.
M65_SCENE_INTRO_02_GUESS	M65	intro	GUESS	Briefing; intent before tactics	Then get what we need and come back through this door. Whatever he knows about your past, he doesn't get your future.
M65_SCENE_OUTRO_01_GOHAN	M65	outro	GOHAN	Reflective; allow the response to land	Master access secured. The escrow transfer still needs a live route outside their tower. We move before the gunships pin us.
M65_SCENE_OUTRO_02_ICE	M65	outro	ICE	Reflective; allow the response to land	I thought seeing him fall would make it quiet. It didn't. Let's get out. I want to hear you two arguing in the truck.
M66_SCENE_INTRO_01_GUESS	M66	intro	GUESS	Briefing; intent before tactics	The roof is burning and the gunships own the landing pads. Check your chutes. Del Perro is the pickup.
M66_SCENE_INTRO_02_ICE	M66	intro	ICE	Briefing; intent before tactics	Nobody jumps until all three answer. No one earns an ending by staying on a roof alone.
M66_SCENE_OUTRO_01_GOHAN	M66	outro	GOHAN	Reflective; allow the response to land	We're off the tower. I still need a clean connection in the extraction truck to route the escrow beyond their reach.
M66_SCENE_OUTRO_02_GUESS	M66	outro	GUESS	Reflective; allow the response to land	Then I keep the truck moving. You've carried the file this far. You don't have to carry the road too.
M67_SCENE_INTRO_01_GOHAN	M67	intro	GOHAN	Briefing; intent before tactics	Maze Bank gave us authorization. From this truck I can route the rig's escrow into the accounts prepared for disappearance.
M67_SCENE_INTRO_02_ICE	M67	intro	ICE	Briefing; intent before tactics	Keep the evidence separate from the money. A payoff mustn't be the reason the record disappears.
M67_SCENE_OUTRO_01_GUESS	M67	outro	GUESS	Reflective; allow the response to land	Funds routed. Families first on the escape arrangements. The rest of us take the canal convoy to LSIA.
M67_SCENE_OUTRO_02_GOHAN	M67	outro	GOHAN	Reflective; allow the response to land	If this connection dies now, the copies still exist. For the first time, nobody has to save the only copy of me.
M68_SCENE_INTRO_01_GUESS	M68	intro	GUESS	Briefing; intent before tactics	The canal takes the loaded semi past their main roadblocks. We reach the airport, but the sea fallback stays ready.
M68_SCENE_INTRO_02_ICE	M68	intro	ICE	Briefing; intent before tactics	If the cargo stops us, we leave it. I'm saying it before I can see what it's worth.
M68_SCENE_OUTRO_01_GOHAN	M68	outro	GOHAN	Reflective; allow the response to land	Airport perimeter next. We can abandon equipment, not people. Keep counting three when the noise gets bad.
M68_SCENE_OUTRO_02_GUESS	M68	outro	GUESS	Reflective; allow the response to land	Three. I have been counting three since the dockyard. You finally started saying it back.
M69_SCENE_INTRO_01_ICE	M69	intro	ICE	Briefing; intent before tactics	The cargo plane is beyond the runway barricades. Clear the route without chasing anything that isn't between us and the ramp.
M69_SCENE_INTRO_02_GUESS	M69	intro	GUESS	Briefing; intent before tactics	The ocean launch and sub are the fallback. If the plane can't fly, we still have somewhere to go.
M69_SCENE_OUTRO_01_GOHAN	M69	outro	GOHAN	Reflective; allow the response to land	Nose gear's hit. Takeoff is gone. We hold the fuselage long enough to reach the water escape.
M69_SCENE_OUTRO_02_ICE	M69	outro	ICE	Reflective; allow the response to land	No last stand for a pile of gold. Guess, find us a path. Gohan, tell the boats we're coming.
M70_SCENE_INTRO_01_GUESS	M70	intro	GUESS	Briefing; intent before tactics	The engines still turn. We use the aircraft to reach the seawall, then abandon it for the boats and sub. No flying miracle.
M70_SCENE_INTRO_02_ICE	M70	intro	ICE	Briefing; intent before tactics	I hold the ramp until you call. Then I leave with you. Nobody has to drag me away from this one.
M70_SCENE_OUTRO_01_GOHAN	M70	outro	GOHAN	Reflective; allow the response to land	The copies are out. The money is routed. For once there's nothing on that burning machine we have to go back for.
M70_SCENE_OUTRO_02_GUESS	M70	outro	GUESS	Reflective; allow the response to land	Darius. Devin. Answer in words. I want to know who made it out.
M70_SCENE_OUTRO_03_ICE	M70	outro	ICE	Reflective; allow the response to land	Here. Wet. Fine.
M70_SCENE_OUTRO_04_GUESS	M70	outro	GUESS	Reflective; allow the response to land	Devin?
M70_SCENE_OUTRO_05_GOHAN	M70	outro	GOHAN	Reflective; allow the response to land	Hold on. The relay's still pinging and I want to know why.
M70_SCENE_OUTRO_06_GUESS	M70	outro	GUESS	Reflective; allow the response to land	Man's got a burning airplane behind him and he's already on a device. You gonna answer your phone tomorrow?
M70_SCENE_OUTRO_07_GOHAN	M70	outro	GOHAN	Reflective; allow the response to land	Probably.
M70_SCENE_OUTRO_08_ICE	M70	outro	ICE	Reflective; allow the response to land	That's a no.
M70_SCENE_OUTRO_09_GUESS	M70	outro	GUESS	Reflective; allow the response to land	Breakfast. Three seats. I'm driving.
M70_SCENE_OUTRO_10_GUESS	M70	outro	GUESS	Reflective; allow the response to land	Told y'all... Guess never misses an exit.
SM01_SCENE_INTRO_01_ICE	SM01	intro	ICE	Briefing; intent before tactics	Sergei sold me bad ammunition. I'll recover the proper crates alone. The crew needs a supply line we can trust.
SM01_SCENE_INTRO_02_GUESS	SM01	intro	GUESS	Briefing; intent before tactics	You can work alone without pretending you don't have anyone to call. Tell us when you're leaving the warehouse.
SM01_SCENE_OUTRO_01_ICE	SM01	outro	ICE	Reflective; allow the response to land	Crates secured. I'm clear. I almost switched the radio off out of habit. Thought you ought to know.
SM01_SCENE_OUTRO_02_GOHAN	SM01	outro	GOHAN	Reflective; allow the response to land	I heard you. That's enough for tonight. We'll check the ammunition together when you get back.
SM02_SCENE_INTRO_01_GOHAN	SM02	intro	GOHAN	Briefing; intent before tactics	The annex gives me municipal optical access for the drone work. One person can reach it quietly. That's why I'm going alone.
SM02_SCENE_INTRO_02_ICE	SM02	intro	ICE	Briefing; intent before tactics	Send the check-in time. You aren't asking permission. You're giving us a chance to notice if you need help.
SM02_SCENE_OUTRO_01_GOHAN	SM02	outro	GOHAN	Reflective; allow the response to land	The tap is live. The camera archive is open; that doesn't wipe the dock recording or a human witness.
SM02_SCENE_OUTRO_02_GUESS	SM02	outro	GUESS	Reflective; allow the response to land	And you're back on the radio. I like that part of the upgrade best.
SM03_SCENE_INTRO_01_KJ	SM03	intro	KJ	Briefing; intent before tactics	Guess, I checked the prize. Transmission and clutch are real. Marabunta's promise to race clean? I wouldn't put money on that.
SM03_SCENE_INTRO_02_GUESS	SM03	intro	GUESS	Briefing; intent before tactics	You got me a place on the grid, KJ. That's enough. Stay clear when it starts; I need my friend around after the finish.
SM03_SCENE_OUTRO_01_KJ	SM03	outro	KJ	Reflective; allow the response to land	I saw the guns. Prize is secured, but don't come back here tonight. Winning doesn't make those people good losers.
SM03_SCENE_OUTRO_02_GUESS	SM03	outro	GUESS	Reflective; allow the response to land	Thanks, KJ. For checking the deal, and for telling me when it's bad. I'll call when the parts get back to the crew.
SM04_SCENE_INTRO_01_ICE	SM04	intro	ICE	Briefing; intent before tactics	The quarry snipers are watching our desert routes. I'll work the ridge alone so they don't see a convoy coming.
SM04_SCENE_INTRO_02_GOHAN	SM04	intro	GOHAN	Briefing; intent before tactics	I can monitor your check-ins. Being quiet around them doesn't mean being silent with us.
SM04_SCENE_OUTRO_01_ICE	SM04	outro	ICE	Reflective; allow the response to land	Both nests cleared. Their radios give us a warning channel. I sent the frequencies to both of you.
SM04_SCENE_OUTRO_02_GUESS	SM04	outro	GUESS	Reflective; allow the response to land	Good. No single point of failure, including the man carrying the rifle.
SM05_SCENE_INTRO_01_GOHAN	SM05	intro	GOHAN	Briefing; intent before tactics	The swamp buoy can feed us military flight telemetry. I'll make the splice alone while its patrol passes.
SM05_SCENE_INTRO_02_GUESS	SM05	intro	GUESS	Briefing; intent before tactics	I'll keep a return window open. You don't have to use it to prove it was worth setting up.
SM05_SCENE_OUTRO_01_GOHAN	SM05	outro	GOHAN	Reflective; allow the response to land	Telemetry received. It supplements our recon; it doesn't tell us every pilot's next thought. I'm heading back.
SM05_SCENE_OUTRO_02_ICE	SM05	outro	ICE	Reflective; allow the response to land	Job's done. Come eat before Ron starts calling your phone again.
SM06_SCENE_INTRO_01_GUESS	SM06	intro	GUESS	Briefing; intent before tactics	McKenzie's aircraft need fuel. I'll take the tanker through Raton. Heavy truck, narrow route; nobody calls this a race.
SM06_SCENE_INTRO_02_ICE	SM06	intro	ICE	Briefing; intent before tactics	I won't. Call the location if the route closes. We can recover you even if we can't recover the fuel.
SM06_SCENE_OUTRO_01_GUESS	SM06	outro	GUESS	Reflective; allow the response to land	Tanker delivered. Blind corner past Raton. I backed off instead of sending it.
SM06_SCENE_OUTRO_02_GOHAN	SM06	outro	GOHAN	Reflective; allow the response to land	You actually slowed down.
SM06_SCENE_OUTRO_03_GUESS	SM06	outro	GUESS	Reflective; allow the response to land	Don't sound so surprised.
SM06_SCENE_OUTRO_04_GOHAN	SM06	outro	GOHAN	Reflective; allow the response to land	I am.
SM07_SCENE_INTRO_01_ICE	SM07	intro	ICE	Briefing; intent before tactics	Sterling sold out my unit. He's at Aegis now. I'm going after him for myself, and I won't hide that behind the campaign.
SM07_SCENE_INTRO_02_GUESS	SM07	intro	GUESS	Briefing; intent before tactics	That's your call. Just come back when it's done.
SM07_SCENE_OUTRO_01_ICE	SM07	outro	ICE	Reflective; allow the response to land	Sterling's dead.
SM07_SCENE_OUTRO_02_GUESS	SM07	outro	GUESS	Reflective; allow the response to land	You good?
SM07_SCENE_OUTRO_03_ICE	SM07	outro	ICE	Reflective; allow the response to land	Nah.
SM07_SCENE_OUTRO_04_GUESS	SM07	outro	GUESS	Reflective; allow the response to land	Aight. Come back.
SM08_SCENE_INTRO_01_GOHAN	SM08	intro	GOHAN	Briefing; intent before tactics	Vanderbilt & Cole forged the fraud case against me. I'm taking their files before I destroy the archive they used to control me.
SM08_SCENE_INTRO_02_ICE	SM08	intro	ICE	Briefing; intent before tactics	Take whatever proves what they did. And don't disappear for two days after.
SM08_SCENE_OUTRO_01_GOHAN	SM08	outro	GOHAN	Reflective; allow the response to land	Files are out. Archive is gone.
SM08_SCENE_OUTRO_02_GUESS	SM08	outro	GUESS	Reflective; allow the response to land	Cool. You coming back?
SM08_SCENE_OUTRO_03_GOHAN	SM08	outro	GOHAN	Reflective; allow the response to land	Yeah.
SM08_SCENE_OUTRO_04_GUESS	SM08	outro	GUESS	Reflective; allow the response to land	That's all I needed.
SM09_SCENE_INTRO_01_KJ	SM09	intro	KJ	Briefing; intent before tactics	Guess, that captain will trade documents and passage for the impounded hypercar. I checked his ship, not his soul. Confirm the passenger count yourself.
SM09_SCENE_INTRO_02_GUESS	SM09	intro	GUESS	Briefing; intent before tactics	I will. You make the introduction, then step back, KJ. This is my run. You don't owe my enemies a look at your face.
SM09_SCENE_OUTRO_01_KJ	SM09	outro	KJ	Reflective; allow the response to land	He confirmed the documents and passage. Keep your other exit too. One captain's schedule isn't something I'd stake a family on.
SM09_SCENE_OUTRO_02_GUESS	SM09	outro	GUESS	Reflective; allow the response to land	I kept it. When this is over, I'm buying you breakfast, KJ. Somewhere without a starting grid or a security gate.
